semantic_model,session_index,session_id,token_id,book_frame_index,local_receive_time,updates_since_prior_book,full_book_equal,bid_equal,ask_equal,best_bid_equal,best_ask_equal,bid_diff_levels,ask_diff_levels,absolute_size_error,rebootstrap_after_check
ABSOLUTE,0,54a22659-e1cc-4a2c-9f70-94442522c79c,86678697607325035415301144402167255215468684543893990956207990950437281806267,2719,2026-09-13T00:04:52.095343+00:00,10,True,True,True,True,True,0,0,0.00,True
ABSOLUTE,0,54a22659-e1cc-4a2c-9f70-94442522c79c,86678697607325035415301144402167255215468684543893990956207990950437281806267,2733,2026-09-13T00:04:53.206521+00:00,1,True,True,True,True,True,0,0,0.00,True
ABSOLUTE,0,54a22659-e1cc-4a2c-9f70-94442522c79c,86678697607325035415301144402167255215468684543893990956207990950437281806267,2785,2026-09-13T00:04:56.162446+00:00,2,True,True,True,True,True,0,0,0.00,True
ABSOLUTE,0,54a22659-e1cc-4a2c-9f70-94442522c79c,29593316250860173485681500655272516621071562717109962191321330351423433807292,2716,2026-09-13T00:04:52.060971+00:00,9,True,True,True,True,True,0,0,0.00,True
ABSOLUTE,0,54a22659-e1cc-4a2c-9f70-94442522c79c,26924943409099587884725835387292512623954637197660419126367977003516773219764,67,2026-09-13T00:03:49.439784+00:00,64,True,True,True,True,True,0,0,0.00,True
ABSOLUTE,0,54a22659-e1cc-4a2c-9f70-94442522c79c,26924943409099587884725835387292512623954637197660419126367977003516773219764,85,2026-09-13T00:03:50.646928+00:00,17,True,True,True,True,True,0,0,0.00,True
ABSOLUTE,0,54a22659-e1cc-4a2c-9f70-94442522c79c,26924943409099587884725835387292512623954637197660419126367977003516773219764,1199,2026-09-13T00:04:22.942296+00:00,1058,True,True,True,True,True,0,0,0.00,True
ABSOLUTE,0,54a22659-e1cc-4a2c-9f70-94442522c79c,26924943409099587884725835387292512623954637197660419126367977003516773219764,1246,2026-09-13T00:04:25.574503+00:00,44,True,True,True,True,True,0,0,0.00,True
ABSOLUTE,0,54a22659-e1cc-4a2c-9f70-94442522c79c,26924943409099587884725835387292512623954637197660419126367977003516773219764,1253,2026-09-13T00:04:25.577122+00:00,6,True,True,True,True,True,0,0,0.00,True
ABSOLUTE,0,54a22659-e1cc-4a2c-9f70-94442522c79c,26924943409099587884725835387292512623954637197660419126367977003516773219764,2338,2026-09-13T00:04:36.954017+00:00,1079,True,True,True,True,True,0,0,0.00,True
ABSOLUTE,0,54a22659-e1cc-4a2c-9f70-94442522c79c,26924943409099587884725835387292512623954637197660419126367977003516773219764,2348,2026-09-13T00:04:36.979711+00:00,9,True,True,True,True,True,0,0,0.00,True
ABSOLUTE,1,090fbfdf-a61a-43bc-a83a-2463ccd61785,86678697607325035415301144402167255215468684543893990956207990950437281806267,727,2026-09-13T00:06:10.102849+00:00,28,True,True,True,True,True,0,0,0.00,True
ABSOLUTE,1,090fbfdf-a61a-43bc-a83a-2463ccd61785,26924943409099587884725835387292512623954637197660419126367977003516773219764,84,2026-09-13T00:05:40.833838+00:00,52,True,True,True,True,True,0,0,0.00,True
ABSOLUTE,1,090fbfdf-a61a-43bc-a83a-2463ccd61785,26924943409099587884725835387292512623954637197660419126367977003516773219764,104,2026-09-13T00:05:42.185092+00:00,19,True,True,True,True,True,0,0,0.00,True
ABSOLUTE,2,ceb92c1f-e263-4a8a-b961-291dfcf82844,86678697607325035415301144402167255215468684543893990956207990950437281806267,1680,2026-09-13T00:07:01.104749+00:00,4,True,True,True,True,True,0,0,0.00,True
ABSOLUTE,2,ceb92c1f-e263-4a8a-b961-291dfcf82844,29593316250860173485681500655272516621071562717109962191321330351423433807292,253,2026-09-13T00:06:45.055880+00:00,1,True,True,True,True,True,0,0,0.00,True
ABSOLUTE,2,ceb92c1f-e263-4a8a-b961-291dfcf82844,29593316250860173485681500655272516621071562717109962191321330351423433807292,2298,2026-09-13T00:07:34.056130+00:00,3,True,True,True,True,True,0,0,0.00,True
ABSOLUTE,2,ceb92c1f-e263-4a8a-b961-291dfcf82844,26924943409099587884725835387292512623954637197660419126367977003516773219764,723,2026-09-13T00:06:48.244767+00:00,718,True,True,True,True,True,0,0,0.00,True
ABSOLUTE,2,ceb92c1f-e263-4a8a-b961-291dfcf82844,26924943409099587884725835387292512623954637197660419126367977003516773219764,757,2026-09-13T00:06:48.342915+00:00,33,True,True,True,True,True,0,0,0.00,True
ABSOLUTE,2,ceb92c1f-e263-4a8a-b961-291dfcf82844,26924943409099587884725835387292512623954637197660419126367977003516773219764,779,2026-09-13T00:06:48.414284+00:00,20,True,True,True,True,True,0,0,0.00,True
ABSOLUTE,2,ceb92c1f-e263-4a8a-b961-291dfcf82844,26924943409099587884725835387292512623954637197660419126367977003516773219764,905,2026-09-13T00:06:50.359721+00:00,124,True,True,True,True,True,0,0,0.00,True
ABSOLUTE,2,ceb92c1f-e263-4a8a-b961-291dfcf82844,26924943409099587884725835387292512623954637197660419126367977003516773219764,921,2026-09-13T00:06:50.546152+00:00,15,True,True,True,True,True,0,0,0.00,True
ABSOLUTE,2,ceb92c1f-e263-4a8a-b961-291dfcf82844,26924943409099587884725835387292512623954637197660419126367977003516773219764,1307,2026-09-13T00:06:55.422072+00:00,361,True,True,True,True,True,0,0,0.00,True
ABSOLUTE,2,ceb92c1f-e263-4a8a-b961-291dfcf82844,26924943409099587884725835387292512623954637197660419126367977003516773219764,1316,2026-09-13T00:06:55.422718+00:00,8,True,True,True,True,True,0,0,0.00,True
ABSOLUTE,2,ceb92c1f-e263-4a8a-b961-291dfcf82844,26924943409099587884725835387292512623954637197660419126367977003516773219764,1657,2026-09-13T00:07:00.624661+00:00,339,True,True,True,True,True,0,0,0.00,True
ABSOLUTE,2,ceb92c1f-e263-4a8a-b961-291dfcf82844,26924943409099587884725835387292512623954637197660419126367977003516773219764,2139,2026-09-13T00:07:13.836745+00:00,471,True,True,True,True,True,0,0,0.00,True
ABSOLUTE,2,ceb92c1f-e263-4a8a-b961-291dfcf82844,26924943409099587884725835387292512623954637197660419126367977003516773219764,2142,2026-09-13T00:07:13.921507+00:00,1,True,True,True,True,True,0,0,0.00,True
ABSOLUTE,2,ceb92c1f-e263-4a8a-b961-291dfcf82844,26924943409099587884725835387292512623954637197660419126367977003516773219764,2162,2026-09-13T00:07:15.719781+00:00,17,True,True,True,True,True,0,0,0.00,True
ABSOLUTE,2,ceb92c1f-e263-4a8a-b961-291dfcf82844,26924943409099587884725835387292512623954637197660419126367977003516773219764,2178,2026-09-13T00:07:18.051214+00:00,14,True,True,True,True,True,0,0,0.00,True
ABSOLUTE,2,ceb92c1f-e263-4a8a-b961-291dfcf82844,26924943409099587884725835387292512623954637197660419126367977003516773219764,2182,2026-09-13T00:07:19.017406+00:00,2,True,True,True,True,True,0,0,0.00,True
ABSOLUTE,2,ceb92c1f-e263-4a8a-b961-291dfcf82844,26924943409099587884725835387292512623954637197660419126367977003516773219764,2187,2026-09-13T00:07:19.175498+00:00,3,True,True,True,True,True,0,0,0.00,True
ABSOLUTE,2,ceb92c1f-e263-4a8a-b961-291dfcf82844,26924943409099587884725835387292512623954637197660419126367977003516773219764,2199,2026-09-13T00:07:21.605909+00:00,10,True,True,True,True,True,0,0,0.00,True
ABSOLUTE,2,ceb92c1f-e263-4a8a-b961-291dfcf82844,26924943409099587884725835387292512623954637197660419126367977003516773219764,2213,2026-09-13T00:07:22.880271+00:00,12,True,True,True,True,True,0,0,0.00,True
ABSOLUTE,2,ceb92c1f-e263-4a8a-b961-291dfcf82844,26924943409099587884725835387292512623954637197660419126367977003516773219764,2256,2026-09-13T00:07:25.527769+00:00,39,False,False,False,True,True,1,2,5500.00,True
ABSOLUTE,2,ceb92c1f-e263-4a8a-b961-291dfcf82844,26924943409099587884725835387292512623954637197660419126367977003516773219764,2260,2026-09-13T00:07:25.631434+00:00,2,True,True,True,True,True,0,0,0.00,True
ABSOLUTE,2,ceb92c1f-e263-4a8a-b961-291dfcf82844,26924943409099587884725835387292512623954637197660419126367977003516773219764,2268,2026-09-13T00:07:27.568153+00:00,5,True,True,True,True,True,0,0,0.00,True
ABSOLUTE,2,ceb92c1f-e263-4a8a-b961-291dfcf82844,26924943409099587884725835387292512623954637197660419126367977003516773219764,2277,2026-09-13T00:07:30.719071+00:00,5,True,True,True,True,True,0,0,0.00,True
ABSOLUTE,2,ceb92c1f-e263-4a8a-b961-291dfcf82844,26924943409099587884725835387292512623954637197660419126367977003516773219764,2281,2026-09-13T00:07:30.791708+00:00,2,True,True,True,True,True,0,0,0.00,True
ABSOLUTE,2,ceb92c1f-e263-4a8a-b961-291dfcf82844,26924943409099587884725835387292512623954637197660419126367977003516773219764,2292,2026-09-13T00:07:32.458991+00:00,9,True,True,True,True,True,0,0,0.00,True
ABSOLUTE,2,ceb92c1f-e263-4a8a-b961-291dfcf82844,26924943409099587884725835387292512623954637197660419126367977003516773219764,2307,2026-09-13T00:07:36.173769+00:00,9,False,True,False,True,True,0,1,3000.00,True
ABSOLUTE,2,ceb92c1f-e263-4a8a-b961-291dfcf82844,26924943409099587884725835387292512623954637197660419126367977003516773219764,2309,2026-09-13T00:07:36.201018+00:00,1,True,True,True,True,True,0,0,0.00,True
ABSOLUTE,2,ceb92c1f-e263-4a8a-b961-291dfcf82844,26924943409099587884725835387292512623954637197660419126367977003516773219764,2312,2026-09-13T00:07:36.263503+00:00,1,True,True,True,True,True,0,0,0.00,True
ABSOLUTE,2,ceb92c1f-e263-4a8a-b961-291dfcf82844,26924943409099587884725835387292512623954637197660419126367977003516773219764,2322,2026-09-13T00:07:38.303757+00:00,8,True,True,True,True,True,0,0,0.00,True
ABSOLUTE,2,ceb92c1f-e263-4a8a-b961-291dfcf82844,26924943409099587884725835387292512623954637197660419126367977003516773219764,2332,2026-09-13T00:07:41.439284+00:00,6,True,True,True,True,True,0,0,0.00,True
ABSOLUTE,2,ceb92c1f-e263-4a8a-b961-291dfcf82844,26924943409099587884725835387292512623954637197660419126367977003516773219764,2335,2026-09-13T00:07:41.481603+00:00,1,True,True,True,True,True,0,0,0.00,True
ABSOLUTE,2,ceb92c1f-e263-4a8a-b961-291dfcf82844,26924943409099587884725835387292512623954637197660419126367977003516773219764,2338,2026-09-13T00:07:41.510513+00:00,1,True,True,True,True,True,0,0,0.00,True
ABSOLUTE,2,ceb92c1f-e263-4a8a-b961-291dfcf82844,26924943409099587884725835387292512623954637197660419126367977003516773219764,2346,2026-09-13T00:07:42.515516+00:00,6,True,True,True,True,True,0,0,0.00,True
ABSOLUTE,2,ceb92c1f-e263-4a8a-b961-291dfcf82844,26924943409099587884725835387292512623954637197660419126367977003516773219764,2352,2026-09-13T00:07:46.739087+00:00,1,True,True,True,True,True,0,0,0.00,True
ABSOLUTE,2,ceb92c1f-e263-4a8a-b961-291dfcf82844,26924943409099587884725835387292512623954637197660419126367977003516773219764,2354,2026-09-13T00:07:46.828735+00:00,1,True,True,True,True,True,0,0,0.00,True
ABSOLUTE,2,ceb92c1f-e263-4a8a-b961-291dfcf82844,26924943409099587884725835387292512623954637197660419126367977003516773219764,2358,2026-09-13T00:07:46.899647+00:00,1,True,True,True,True,True,0,0,0.00,True
ABSOLUTE,2,ceb92c1f-e263-4a8a-b961-291dfcf82844,26924943409099587884725835387292512623954637197660419126367977003516773219764,2362,2026-09-13T00:07:48.743803+00:00,2,True,True,True,True,True,0,0,0.00,True
DELTA,0,54a22659-e1cc-4a2c-9f70-94442522c79c,86678697607325035415301144402167255215468684543893990956207990950437281806267,2719,2026-09-13T00:04:52.095343+00:00,10,False,False,True,True,True,4,0,277067.25,True
DELTA,0,54a22659-e1cc-4a2c-9f70-94442522c79c,86678697607325035415301144402167255215468684543893990956207990950437281806267,2733,2026-09-13T00:04:53.206521+00:00,1,False,False,True,True,True,1,0,224858.54,True
DELTA,0,54a22659-e1cc-4a2c-9f70-94442522c79c,86678697607325035415301144402167255215468684543893990956207990950437281806267,2785,2026-09-13T00:04:56.162446+00:00,2,False,False,True,True,True,2,0,229848.41,True
DELTA,0,54a22659-e1cc-4a2c-9f70-94442522c79c,29593316250860173485681500655272516621071562717109962191321330351423433807292,2716,2026-09-13T00:04:52.060971+00:00,9,False,False,True,True,True,4,0,400910.84,True
DELTA,0,54a22659-e1cc-4a2c-9f70-94442522c79c,26924943409099587884725835387292512623954637197660419126367977003516773219764,67,2026-09-13T00:03:49.439784+00:00,64,False,False,False,True,True,7,6,126811.63,True
DELTA,0,54a22659-e1cc-4a2c-9f70-94442522c79c,26924943409099587884725835387292512623954637197660419126367977003516773219764,85,2026-09-13T00:03:50.646928+00:00,17,False,False,False,True,True,3,4,87926.45,True
DELTA,0,54a22659-e1cc-4a2c-9f70-94442522c79c,26924943409099587884725835387292512623954637197660419126367977003516773219764,1199,2026-09-13T00:04:22.942296+00:00,1058,False,False,False,False,True,26,36,7727199.14,True
DELTA,0,54a22659-e1cc-4a2c-9f70-94442522c79c,26924943409099587884725835387292512623954637197660419126367977003516773219764,1246,2026-09-13T00:04:25.574503+00:00,44,False,False,False,True,True,4,8,263633.76,True
DELTA,0,54a22659-e1cc-4a2c-9f70-94442522c79c,26924943409099587884725835387292512623954637197660419126367977003516773219764,1253,2026-09-13T00:04:25.577122+00:00,6,False,True,False,True,True,0,3,11205.20,True
DELTA,0,54a22659-e1cc-4a2c-9f70-94442522c79c,26924943409099587884725835387292512623954637197660419126367977003516773219764,2338,2026-09-13T00:04:36.954017+00:00,1079,False,False,False,True,False,22,46,7695484.53,True
DELTA,0,54a22659-e1cc-4a2c-9f70-94442522c79c,26924943409099587884725835387292512623954637197660419126367977003516773219764,2348,2026-09-13T00:04:36.979711+00:00,9,False,False,False,True,True,2,5,63303.49,True
DELTA,1,090fbfdf-a61a-43bc-a83a-2463ccd61785,86678697607325035415301144402167255215468684543893990956207990950437281806267,727,2026-09-13T00:06:10.102849+00:00,28,False,False,True,True,True,15,0,474256.89,True
DELTA,1,090fbfdf-a61a-43bc-a83a-2463ccd61785,26924943409099587884725835387292512623954637197660419126367977003516773219764,84,2026-09-13T00:05:40.833838+00:00,52,False,False,False,True,True,7,14,1464043.71,True
DELTA,1,090fbfdf-a61a-43bc-a83a-2463ccd61785,26924943409099587884725835387292512623954637197660419126367977003516773219764,104,2026-09-13T00:05:42.185092+00:00,19,False,False,False,True,True,4,7,490769.51,True
DELTA,2,ceb92c1f-e263-4a8a-b961-291dfcf82844,86678697607325035415301144402167255215468684543893990956207990950437281806267,1680,2026-09-13T00:07:01.104749+00:00,4,False,False,True,True,True,2,0,358394.95,True
DELTA,2,ceb92c1f-e263-4a8a-b961-291dfcf82844,29593316250860173485681500655272516621071562717109962191321330351423433807292,253,2026-09-13T00:06:45.055880+00:00,1,False,False,True,True,True,1,0,345960.56,True
DELTA,2,ceb92c1f-e263-4a8a-b961-291dfcf82844,29593316250860173485681500655272516621071562717109962191321330351423433807292,2298,2026-09-13T00:07:34.056130+00:00,3,False,False,True,True,True,2,0,359884.56,True
DELTA,2,ceb92c1f-e263-4a8a-b961-291dfcf82844,26924943409099587884725835387292512623954637197660419126367977003516773219764,723,2026-09-13T00:06:48.244767+00:00,718,False,False,False,False,True,24,34,5588229.71,True
DELTA,2,ceb92c1f-e263-4a8a-b961-291dfcf82844,26924943409099587884725835387292512623954637197660419126367977003516773219764,757,2026-09-13T00:06:48.342915+00:00,33,False,False,False,True,True,5,9,10032.26,True
DELTA,2,ceb92c1f-e263-4a8a-b961-291dfcf82844,26924943409099587884725835387292512623954637197660419126367977003516773219764,779,2026-09-13T00:06:48.414284+00:00,20,False,False,False,True,True,2,9,14790.27,True
DELTA,2,ceb92c1f-e263-4a8a-b961-291dfcf82844,26924943409099587884725835387292512623954637197660419126367977003516773219764,905,2026-09-13T00:06:50.359721+00:00,124,False,False,False,True,True,6,31,601709.32,True
DELTA,2,ceb92c1f-e263-4a8a-b961-291dfcf82844,26924943409099587884725835387292512623954637197660419126367977003516773219764,921,2026-09-13T00:06:50.546152+00:00,15,False,True,False,True,True,0,7,2575.70,True
DELTA,2,ceb92c1f-e263-4a8a-b961-291dfcf82844,26924943409099587884725835387292512623954637197660419126367977003516773219764,1307,2026-09-13T00:06:55.422072+00:00,361,False,False,False,True,False,16,45,1235526.08,True
DELTA,2,ceb92c1f-e263-4a8a-b961-291dfcf82844,26924943409099587884725835387292512623954637197660419126367977003516773219764,1316,2026-09-13T00:06:55.422718+00:00,8,False,False,False,False,True,4,2,16132.21,True
DELTA,2,ceb92c1f-e263-4a8a-b961-291dfcf82844,26924943409099587884725835387292512623954637197660419126367977003516773219764,1657,2026-09-13T00:07:00.624661+00:00,339,False,False,False,False,True,17,33,507396.08,True
DELTA,2,ceb92c1f-e263-4a8a-b961-291dfcf82844,26924943409099587884725835387292512623954637197660419126367977003516773219764,2139,2026-09-13T00:07:13.836745+00:00,471,False,False,False,True,True,15,32,912831.58,True
DELTA,2,ceb92c1f-e263-4a8a-b961-291dfcf82844,26924943409099587884725835387292512623954637197660419126367977003516773219764,2142,2026-09-13T00:07:13.921507+00:00,1,False,True,False,True,True,0,1,5901.00,True
DELTA,2,ceb92c1f-e263-4a8a-b961-291dfcf82844,26924943409099587884725835387292512623954637197660419126367977003516773219764,2162,2026-09-13T00:07:15.719781+00:00,17,False,False,False,True,True,1,4,56914.96,True
DELTA,2,ceb92c1f-e263-4a8a-b961-291dfcf82844,26924943409099587884725835387292512623954637197660419126367977003516773219764,2178,2026-09-13T00:07:18.051214+00:00,14,False,False,False,True,True,2,7,48303.84,True
DELTA,2,ceb92c1f-e263-4a8a-b961-291dfcf82844,26924943409099587884725835387292512623954637197660419126367977003516773219764,2182,2026-09-13T00:07:19.017406+00:00,2,False,True,False,True,True,0,2,6713.03,True
DELTA,2,ceb92c1f-e263-4a8a-b961-291dfcf82844,26924943409099587884725835387292512623954637197660419126367977003516773219764,2187,2026-09-13T00:07:19.175498+00:00,3,False,True,False,True,True,0,1,17594.89,True
DELTA,2,ceb92c1f-e263-4a8a-b961-291dfcf82844,26924943409099587884725835387292512623954637197660419126367977003516773219764,2199,2026-09-13T00:07:21.605909+00:00,10,False,False,False,True,True,3,3,71506.98,True
DELTA,2,ceb92c1f-e263-4a8a-b961-291dfcf82844,26924943409099587884725835387292512623954637197660419126367977003516773219764,2213,2026-09-13T00:07:22.880271+00:00,12,False,False,False,True,True,4,7,103355.92,True
DELTA,2,ceb92c1f-e263-4a8a-b961-291dfcf82844,26924943409099587884725835387292512623954637197660419126367977003516773219764,2256,2026-09-13T00:07:25.527769+00:00,39,False,False,False,True,True,7,14,263426.00,True
DELTA,2,ceb92c1f-e263-4a8a-b961-291dfcf82844,26924943409099587884725835387292512623954637197660419126367977003516773219764,2260,2026-09-13T00:07:25.631434+00:00,2,False,True,False,True,True,0,1,12714.72,True
DELTA,2,ceb92c1f-e263-4a8a-b961-291dfcf82844,26924943409099587884725835387292512623954637197660419126367977003516773219764,2268,2026-09-13T00:07:27.568153+00:00,5,False,False,False,True,True,3,2,15728.02,True
DELTA,2,ceb92c1f-e263-4a8a-b961-291dfcf82844,26924943409099587884725835387292512623954637197660419126367977003516773219764,2277,2026-09-13T00:07:30.719071+00:00,5,False,False,False,True,True,2,3,191468.27,True
DELTA,2,ceb92c1f-e263-4a8a-b961-291dfcf82844,26924943409099587884725835387292512623954637197660419126367977003516773219764,2281,2026-09-13T00:07:30.791708+00:00,2,False,False,False,True,True,1,1,13776.70,True
DELTA,2,ceb92c1f-e263-4a8a-b961-291dfcf82844,26924943409099587884725835387292512623954637197660419126367977003516773219764,2292,2026-09-13T00:07:32.458991+00:00,9,False,True,False,True,True,0,9,413528.23,True
DELTA,2,ceb92c1f-e263-4a8a-b961-291dfcf82844,26924943409099587884725835387292512623954637197660419126367977003516773219764,2307,2026-09-13T00:07:36.173769+00:00,9,False,False,False,True,True,2,4,192598.62,True
DELTA,2,ceb92c1f-e263-4a8a-b961-291dfcf82844,26924943409099587884725835387292512623954637197660419126367977003516773219764,2309,2026-09-13T00:07:36.201018+00:00,1,False,True,False,True,True,0,1,5355.19,True
DELTA,2,ceb92c1f-e263-4a8a-b961-291dfcf82844,26924943409099587884725835387292512623954637197660419126367977003516773219764,2312,2026-09-13T00:07:36.263503+00:00,1,False,True,False,True,True,0,1,4957.60,True
DELTA,2,ceb92c1f-e263-4a8a-b961-291dfcf82844,26924943409099587884725835387292512623954637197660419126367977003516773219764,2322,2026-09-13T00:07:38.303757+00:00,8,False,False,False,True,True,2,1,82868.56,True
DELTA,2,ceb92c1f-e263-4a8a-b961-291dfcf82844,26924943409099587884725835387292512623954637197660419126367977003516773219764,2332,2026-09-13T00:07:41.439284+00:00,6,False,True,False,True,True,0,6,400453.79,True
DELTA,2,ceb92c1f-e263-4a8a-b961-291dfcf82844,26924943409099587884725835387292512623954637197660419126367977003516773219764,2335,2026-09-13T00:07:41.481603+00:00,1,False,True,False,True,True,0,1,4565.05,True
DELTA,2,ceb92c1f-e263-4a8a-b961-291dfcf82844,26924943409099587884725835387292512623954637197660419126367977003516773219764,2338,2026-09-13T00:07:41.510513+00:00,1,False,True,False,True,True,0,1,4167.46,True
DELTA,2,ceb92c1f-e263-4a8a-b961-291dfcf82844,26924943409099587884725835387292512623954637197660419126367977003516773219764,2346,2026-09-13T00:07:42.515516+00:00,6,False,False,False,True,True,2,2,75135.70,True
DELTA,2,ceb92c1f-e263-4a8a-b961-291dfcf82844,26924943409099587884725835387292512623954637197660419126367977003516773219764,2352,2026-09-13T00:07:46.739087+00:00,1,False,True,False,True,True,0,1,4162.14,True
DELTA,2,ceb92c1f-e263-4a8a-b961-291dfcf82844,26924943409099587884725835387292512623954637197660419126367977003516773219764,2354,2026-09-13T00:07:46.828735+00:00,1,False,True,False,True,True,0,1,3764.55,True
DELTA,2,ceb92c1f-e263-4a8a-b961-291dfcf82844,26924943409099587884725835387292512623954637197660419126367977003516773219764,2358,2026-09-13T00:07:46.899647+00:00,1,False,True,False,True,True,0,1,3657.07,True
DELTA,2,ceb92c1f-e263-4a8a-b961-291dfcf82844,26924943409099587884725835387292512623954637197660419126367977003516773219764,2362,2026-09-13T00:07:48.743803+00:00,2,False,True,False,True,True,0,1,9302.36,True
