token_id,rest_local_receive_time,session_id,rest_best_bid,stream_best_bid,rest_best_ask,stream_best_ask,time_gap_ms,best_bid_equal,best_ask_equal,full_depth_equal,rest_hash,result,notes
84697572938572732642876077505847013109919721646551043171063870280539349588315,2026-09-13T00:03:44.827263+00:00,,0.5,,0.51,,,,,,f461f26b3aa075f04a3efefeca356336e7f5c74c,NO_COMPARABLE_STREAM_STATE,REST observed outside any open session window
86678697607325035415301144402167255215468684543893990956207990950437281806267,2026-09-13T00:03:44.927295+00:00,54a22659-e1cc-4a2c-9f70-94442522c79c,0.999,,,,,,,,163bbb25464c50bb5a13498046fdb2abf408e1c4,NO_PRIOR_STREAM_STATE,
29593316250860173485681500655272516621071562717109962191321330351423433807292,2026-09-13T00:03:45.021819+00:00,54a22659-e1cc-4a2c-9f70-94442522c79c,0.999,0.999,,,22.4,True,True,True,a904db15a6b6815123f040d51dac451fddc113c8,MATCH,
26924943409099587884725835387292512623954637197660419126367977003516773219764,2026-09-13T00:03:45.118608+00:00,54a22659-e1cc-4a2c-9f70-94442522c79c,0.28,0.28,0.29,0.29,119.2,True,True,True,33053abef4f68c1b3151a2c60b00068ff2ebdaef,MATCH,
84697572938572732642876077505847013109919721646551043171063870280539349588315,2026-09-13T00:04:00.227939+00:00,54a22659-e1cc-4a2c-9f70-94442522c79c,0.5,0.5,0.51,0.51,15228.5,True,True,True,f461f26b3aa075f04a3efefeca356336e7f5c74c,MATCH,
86678697607325035415301144402167255215468684543893990956207990950437281806267,2026-09-13T00:04:00.324115+00:00,54a22659-e1cc-4a2c-9f70-94442522c79c,0.999,0.999,,,13501.1,True,True,True,0d357408fc694b673305dc4858cda8e9065aa414,MATCH,
29593316250860173485681500655272516621071562717109962191321330351423433807292,2026-09-13T00:04:00.418999+00:00,54a22659-e1cc-4a2c-9f70-94442522c79c,0.999,0.999,,,7188.1,True,True,True,77cab3838b443dae055c6ef7da5a38bf186a338c,MATCH,
26924943409099587884725835387292512623954637197660419126367977003516773219764,2026-09-13T00:04:00.515378+00:00,54a22659-e1cc-4a2c-9f70-94442522c79c,0.27,0.27,0.28,0.28,6.1,True,True,True,9962831521434455003b2a5f4bb63d843bcc18d0,MATCH,
84697572938572732642876077505847013109919721646551043171063870280539349588315,2026-09-13T00:04:15.625946+00:00,54a22659-e1cc-4a2c-9f70-94442522c79c,0.5,0.5,0.51,0.51,2754.3,True,True,True,bbda3d458eb86d550c489b42a922a7b7b44ee61f,MATCH,
86678697607325035415301144402167255215468684543893990956207990950437281806267,2026-09-13T00:04:15.727931+00:00,54a22659-e1cc-4a2c-9f70-94442522c79c,0.999,0.999,,,5341.6,True,True,True,4cc7b911ed25a26336ce6d1b1dfeb66438a389e7,MATCH,
29593316250860173485681500655272516621071562717109962191321330351423433807292,2026-09-13T00:04:15.855445+00:00,54a22659-e1cc-4a2c-9f70-94442522c79c,0.999,0.999,,,22624.6,True,True,True,77cab3838b443dae055c6ef7da5a38bf186a338c,MATCH,
26924943409099587884725835387292512623954637197660419126367977003516773219764,2026-09-13T00:04:15.956948+00:00,54a22659-e1cc-4a2c-9f70-94442522c79c,0.27,0.27,0.28,0.28,451.3,True,True,True,71f403d0e451802f94eba7910ab1799dd89379a0,MATCH,
84697572938572732642876077505847013109919721646551043171063870280539349588315,2026-09-13T00:04:31.060925+00:00,54a22659-e1cc-4a2c-9f70-94442522c79c,0.5,0.5,0.51,0.51,18189.2,True,True,True,bbda3d458eb86d550c489b42a922a7b7b44ee61f,MATCH,
86678697607325035415301144402167255215468684543893990956207990950437281806267,2026-09-13T00:04:31.154523+00:00,54a22659-e1cc-4a2c-9f70-94442522c79c,0.999,0.999,,,8172.8,True,True,True,d8f2a8296cd9a5d3dbbc0af54a78bdcbb2442589,MATCH,
29593316250860173485681500655272516621071562717109962191321330351423433807292,2026-09-13T00:04:31.252052+00:00,54a22659-e1cc-4a2c-9f70-94442522c79c,0.999,0.999,,,10208.8,True,True,True,93ce77f16390ea79652f562c396396706c92e679,MATCH,
26924943409099587884725835387292512623954637197660419126367977003516773219764,2026-09-13T00:04:31.347512+00:00,54a22659-e1cc-4a2c-9f70-94442522c79c,0.27,0.27,0.34,0.34,77.5,True,True,False,50ba06ad1e5c6963c89c46982694b6ed3a0387cf,TOP_OF_BOOK_MATCH,
84697572938572732642876077505847013109919721646551043171063870280539349588315,2026-09-13T00:04:46.457830+00:00,54a22659-e1cc-4a2c-9f70-94442522c79c,0.5,0.5,0.51,0.51,33586.2,True,True,True,bbda3d458eb86d550c489b42a922a7b7b44ee61f,MATCH,
86678697607325035415301144402167255215468684543893990956207990950437281806267,2026-09-13T00:04:46.556317+00:00,54a22659-e1cc-4a2c-9f70-94442522c79c,0.999,0.999,,,331.4,True,True,True,bfc61b4c7450f3efe872f9bbb53d13af7d7c6294,MATCH,
29593316250860173485681500655272516621071562717109962191321330351423433807292,2026-09-13T00:04:46.662214+00:00,54a22659-e1cc-4a2c-9f70-94442522c79c,0.999,0.999,,,5981.7,True,True,True,db2fce191e7a8ea1b44f0cdd4094a07f14ee4b78,MATCH,
26924943409099587884725835387292512623954637197660419126367977003516773219764,2026-09-13T00:04:46.753612+00:00,54a22659-e1cc-4a2c-9f70-94442522c79c,0.27,0.27,0.28,0.28,96.7,True,True,True,66bf908ca39b29b8a1495c97c0ce9d0fbb130ce3,MATCH,
84697572938572732642876077505847013109919721646551043171063870280539349588315,2026-09-13T00:05:01.862751+00:00,,0.5,,0.51,,,,,,bbda3d458eb86d550c489b42a922a7b7b44ee61f,NO_COMPARABLE_STREAM_STATE,REST observed outside any open session window
86678697607325035415301144402167255215468684543893990956207990950437281806267,2026-09-13T00:05:01.965806+00:00,,0.999,,,,,,,,b277280069c97587e2eea5fc86c6548d15584381,NO_COMPARABLE_STREAM_STATE,REST observed outside any open session window
29593316250860173485681500655272516621071562717109962191321330351423433807292,2026-09-13T00:05:02.068093+00:00,,0.999,,,,,,,,f896541a7e838426a419a6ed63cf711525a7c807,NO_COMPARABLE_STREAM_STATE,REST observed outside any open session window
26924943409099587884725835387292512623954637197660419126367977003516773219764,2026-09-13T00:05:02.180285+00:00,,0.27,,0.28,,,,,,10651217878d24cdfd787dfe4584400dfa4860c9,NO_COMPARABLE_STREAM_STATE,REST observed outside any open session window
84697572938572732642876077505847013109919721646551043171063870280539349588315,2026-09-13T00:05:17.313494+00:00,090fbfdf-a61a-43bc-a83a-2463ccd61785,0.5,0.5,0.51,0.51,4285.8,True,True,True,b9d27b66453ea13ac8dae0b1c9e1a330b41fd9a1,MATCH,
86678697607325035415301144402167255215468684543893990956207990950437281806267,2026-09-13T00:05:17.415062+00:00,090fbfdf-a61a-43bc-a83a-2463ccd61785,0.999,0.999,,,4437.1,True,True,True,0b88757ad3d08005410479676b72375e9a18f898,MATCH,
29593316250860173485681500655272516621071562717109962191321330351423433807292,2026-09-13T00:05:17.520012+00:00,090fbfdf-a61a-43bc-a83a-2463ccd61785,0.999,0.999,,,2814.5,True,True,True,c0cfabf446700db1744c62d6157649ba8a69f172,MATCH,
26924943409099587884725835387292512623954637197660419126367977003516773219764,2026-09-13T00:05:17.626341+00:00,090fbfdf-a61a-43bc-a83a-2463ccd61785,0.27,0.27,0.28,0.28,1027.6,True,True,False,156451af29cf24c5540e1c2aaafed2b809e61657,TOP_OF_BOOK_MATCH,
84697572938572732642876077505847013109919721646551043171063870280539349588315,2026-09-13T00:05:32.734676+00:00,090fbfdf-a61a-43bc-a83a-2463ccd61785,0.5,0.5,0.51,0.51,19706.9,True,True,True,b9d27b66453ea13ac8dae0b1c9e1a330b41fd9a1,MATCH,
86678697607325035415301144402167255215468684543893990956207990950437281806267,2026-09-13T00:05:32.827383+00:00,090fbfdf-a61a-43bc-a83a-2463ccd61785,0.999,0.999,,,19849.4,True,True,True,0b88757ad3d08005410479676b72375e9a18f898,MATCH,
29593316250860173485681500655272516621071562717109962191321330351423433807292,2026-09-13T00:05:32.922251+00:00,090fbfdf-a61a-43bc-a83a-2463ccd61785,0.999,0.999,,,18216.8,True,True,True,c0cfabf446700db1744c62d6157649ba8a69f172,MATCH,
26924943409099587884725835387292512623954637197660419126367977003516773219764,2026-09-13T00:05:33.014733+00:00,090fbfdf-a61a-43bc-a83a-2463ccd61785,0.27,0.27,0.28,0.28,1330.0,True,True,False,2826bbede21dcfaeadde383ac7d440327957050e,TOP_OF_BOOK_MATCH,
84697572938572732642876077505847013109919721646551043171063870280539349588315,2026-09-13T00:05:48.129034+00:00,090fbfdf-a61a-43bc-a83a-2463ccd61785,0.5,0.5,0.51,0.51,35101.3,True,True,True,b9d27b66453ea13ac8dae0b1c9e1a330b41fd9a1,MATCH,
86678697607325035415301144402167255215468684543893990956207990950437281806267,2026-09-13T00:05:48.231777+00:00,090fbfdf-a61a-43bc-a83a-2463ccd61785,0.999,0.999,,,14556.3,True,True,True,0236e4a41e111b8d1438c2540a2747612aa1536a,MATCH,
29593316250860173485681500655272516621071562717109962191321330351423433807292,2026-09-13T00:05:48.334998+00:00,090fbfdf-a61a-43bc-a83a-2463ccd61785,0.999,0.999,,,12731.6,True,True,True,c8f49d6f0c366b4b0e87ab78848cb004f6d16e8c,MATCH,
26924943409099587884725835387292512623954637197660419126367977003516773219764,2026-09-13T00:05:48.430277+00:00,090fbfdf-a61a-43bc-a83a-2463ccd61785,0.27,0.27,0.28,0.28,2038.8,True,True,False,31e19425f195db86f2d289e1c942f6ae16341026,TOP_OF_BOOK_MATCH,
84697572938572732642876077505847013109919721646551043171063870280539349588315,2026-09-13T00:06:03.533364+00:00,090fbfdf-a61a-43bc-a83a-2463ccd61785,0.5,0.5,0.51,0.51,10840.0,True,True,True,be671ad06d499236c560bab805c13b9530457939,MATCH,
86678697607325035415301144402167255215468684543893990956207990950437281806267,2026-09-13T00:06:03.628316+00:00,090fbfdf-a61a-43bc-a83a-2463ccd61785,0.999,0.999,,,7596.7,True,True,True,3669010a9f0f204a7fa13214f3319d764b2e3399,MATCH,
29593316250860173485681500655272516621071562717109962191321330351423433807292,2026-09-13T00:06:03.724466+00:00,090fbfdf-a61a-43bc-a83a-2463ccd61785,0.999,0.999,,,1688.4,True,True,True,77e2e395d9d7374fa4fe690e14a225718a6817de,MATCH,
26924943409099587884725835387292512623954637197660419126367977003516773219764,2026-09-13T00:06:03.822163+00:00,090fbfdf-a61a-43bc-a83a-2463ccd61785,0.27,0.27,0.28,0.28,19.8,True,True,False,29d0ed99766c5d7f176f311c0c3791be7c160cbb,TOP_OF_BOOK_MATCH,
84697572938572732642876077505847013109919721646551043171063870280539349588315,2026-09-13T00:06:18.931319+00:00,090fbfdf-a61a-43bc-a83a-2463ccd61785,0.5,0.5,0.51,0.51,26237.9,True,True,True,be671ad06d499236c560bab805c13b9530457939,MATCH,
86678697607325035415301144402167255215468684543893990956207990950437281806267,2026-09-13T00:06:19.034249+00:00,090fbfdf-a61a-43bc-a83a-2463ccd61785,0.999,0.999,,,8931.4,True,True,True,bd1db906d955330990859b3f44aab251a7c27bb8,MATCH,
29593316250860173485681500655272516621071562717109962191321330351423433807292,2026-09-13T00:06:19.133914+00:00,090fbfdf-a61a-43bc-a83a-2463ccd61785,0.999,0.999,,,17097.9,True,True,True,77e2e395d9d7374fa4fe690e14a225718a6817de,MATCH,
26924943409099587884725835387292512623954637197660419126367977003516773219764,2026-09-13T00:06:19.229539+00:00,090fbfdf-a61a-43bc-a83a-2463ccd61785,0.27,0.27,0.28,0.28,108.7,True,True,False,32ad74e0c56150013b3faf6afe3d1dd4cedb6e77,TOP_OF_BOOK_MATCH,
84697572938572732642876077505847013109919721646551043171063870280539349588315,2026-09-13T00:06:34.341370+00:00,,0.5,,0.51,,,,,,be671ad06d499236c560bab805c13b9530457939,NO_COMPARABLE_STREAM_STATE,REST observed outside any open session window
86678697607325035415301144402167255215468684543893990956207990950437281806267,2026-09-13T00:06:34.434452+00:00,,0.999,,,,,,,,01f32c376971b776615321e4607f441ac4763afe,NO_COMPARABLE_STREAM_STATE,REST observed outside any open session window
29593316250860173485681500655272516621071562717109962191321330351423433807292,2026-09-13T00:06:34.538007+00:00,,0.999,,,,,,,,68591da9503b48d0a80453411dcd1ce5fa3065e7,NO_COMPARABLE_STREAM_STATE,REST observed outside any open session window
26924943409099587884725835387292512623954637197660419126367977003516773219764,2026-09-13T00:06:34.636093+00:00,,0.28,,0.29,,,,,,d39bd73af37902e269e511ef6023c87bb40c3346,NO_COMPARABLE_STREAM_STATE,REST observed outside any open session window
84697572938572732642876077505847013109919721646551043171063870280539349588315,2026-09-13T00:06:49.744462+00:00,ceb92c1f-e263-4a8a-b961-291dfcf82844,0.5,0.5,0.51,0.51,14108.5,True,True,True,be671ad06d499236c560bab805c13b9530457939,MATCH,
86678697607325035415301144402167255215468684543893990956207990950437281806267,2026-09-13T00:06:49.841462+00:00,ceb92c1f-e263-4a8a-b961-291dfcf82844,0.999,0.999,,,14205.5,True,True,True,17b04cbda66aa9b1b9fa45292ddcd6254993b5af,MATCH,
29593316250860173485681500655272516621071562717109962191321330351423433807292,2026-09-13T00:06:49.955972+00:00,ceb92c1f-e263-4a8a-b961-291dfcf82844,0.999,0.999,,,4900.1,True,True,True,0d29d9f6e4d362105ad0950807af0f4e05ae6d2f,MATCH,
26924943409099587884725835387292512623954637197660419126367977003516773219764,2026-09-13T00:06:50.059569+00:00,ceb92c1f-e263-4a8a-b961-291dfcf82844,0.18,0.18,0.22,0.22,1.0,True,True,False,3ff767b076b1e038151b1152a0d2a58ddbb5bec3,TOP_OF_BOOK_MATCH,
84697572938572732642876077505847013109919721646551043171063870280539349588315,2026-09-13T00:07:05.165619+00:00,ceb92c1f-e263-4a8a-b961-291dfcf82844,0.5,0.5,0.51,0.51,12304.4,True,True,True,cdae9ecbce7cc5a9914d6dd4c57a9d2a8046d02c,MATCH,
86678697607325035415301144402167255215468684543893990956207990950437281806267,2026-09-13T00:07:05.268649+00:00,ceb92c1f-e263-4a8a-b961-291dfcf82844,0.999,0.999,,,321.2,True,True,True,5b4de23b0f7ba4e58060617de0893d6e8cde6e80,MATCH,
29593316250860173485681500655272516621071562717109962191321330351423433807292,2026-09-13T00:07:05.370755+00:00,ceb92c1f-e263-4a8a-b961-291dfcf82844,0.999,0.999,,,20314.9,True,True,True,0d29d9f6e4d362105ad0950807af0f4e05ae6d2f,MATCH,
26924943409099587884725835387292512623954637197660419126367977003516773219764,2026-09-13T00:07:05.468920+00:00,ceb92c1f-e263-4a8a-b961-291dfcf82844,0.16,0.16,0.17,0.17,159.0,True,True,True,0a782434244b3b4e84c385f3573e586595932e0d,MATCH,
84697572938572732642876077505847013109919721646551043171063870280539349588315,2026-09-13T00:07:20.574027+00:00,ceb92c1f-e263-4a8a-b961-291dfcf82844,0.5,0.5,0.51,0.51,27712.8,True,True,True,cdae9ecbce7cc5a9914d6dd4c57a9d2a8046d02c,MATCH,
86678697607325035415301144402167255215468684543893990956207990950437281806267,2026-09-13T00:07:20.673889+00:00,ceb92c1f-e263-4a8a-b961-291dfcf82844,0.999,0.999,,,9750.5,True,True,True,4a71d74b108d73add39f0beaf09cca861243396e,MATCH,
29593316250860173485681500655272516621071562717109962191321330351423433807292,2026-09-13T00:07:20.894412+00:00,ceb92c1f-e263-4a8a-b961-291dfcf82844,0.999,0.999,,,35838.5,True,True,True,0d29d9f6e4d362105ad0950807af0f4e05ae6d2f,MATCH,
26924943409099587884725835387292512623954637197660419126367977003516773219764,2026-09-13T00:07:20.994698+00:00,ceb92c1f-e263-4a8a-b961-291dfcf82844,0.16,0.16,0.17,0.17,585.0,True,True,True,304e929863858f58db2cbf617a0460a743e9402c,MATCH,
84697572938572732642876077505847013109919721646551043171063870280539349588315,2026-09-13T00:07:36.100658+00:00,ceb92c1f-e263-4a8a-b961-291dfcf82844,0.5,0.5,0.51,0.51,43239.4,True,True,True,cdae9ecbce7cc5a9914d6dd4c57a9d2a8046d02c,MATCH,
86678697607325035415301144402167255215468684543893990956207990950437281806267,2026-09-13T00:07:36.202459+00:00,ceb92c1f-e263-4a8a-b961-291dfcf82844,0.999,0.999,,,11290.7,True,True,True,deaee9a908cbe00907a9dffb18b5b6b810638222,MATCH,
29593316250860173485681500655272516621071562717109962191321330351423433807292,2026-09-13T00:07:36.295257+00:00,ceb92c1f-e263-4a8a-b961-291dfcf82844,0.999,0.999,,,2239.1,True,True,True,49407aa00e8500c3f44acf11924f6fae6c94f771,MATCH,
26924943409099587884725835387292512623954637197660419126367977003516773219764,2026-09-13T00:07:36.393063+00:00,ceb92c1f-e263-4a8a-b961-291dfcf82844,0.16,0.16,0.17,0.17,129.6,True,True,True,63f5ed0b52bbd27ed8fab35e7709dd32a024629f,MATCH,
