strategy,fixture,contract_sides,contracts,ev_after_measured_usd,ev_all_in_usd,cf_policy_size_pnl_usd
DEREK_ENTRY_POLICY_V2,condition:0x4008dc12ad72c82ddc861770cf6fbe556446af7b4e3d826900f4f6ef64478d7b,1,5263.0,655.4148,-772.3197,-398.2026
PINNACLE_COMPLETED_GAME_PAPER,condition:0x2c7b652965ce7820f538ef8dd0e8fdd2fb707e3a09d11f0a40aef7ea28c66302,1,28.0,0.0082,-4.9204,-8.2995
PINNACLE_COMPLETED_GAME_PAPER,condition:0x51906540bbd76873106a9589f2867e0f3ca1adf6db2e2a191a5f6079add02926,1,1724.0,36.9232,-337.1366,398.9199
PINNACLE_COMPLETED_GAME_PAPER,condition:0x7af06a6b565678dd02509cb9209e8b8cfc791c4025e1a352b7aba321f6b31279,2,4019.0,28.7432,-503.2865,-153.0182
PINNACLE_COMPLETED_GAME_PAPER,event:031af65fa79a5fe4db7f515db7edd653,1,466.0,2.6453,-21.5068,13.6566
PINNACLE_COMPLETED_GAME_PAPER,event:1bc3bf1d3034010bdfb31d928a71177a,4,5811.0,97.0718,-454.2992,234.3566
PINNACLE_COMPLETED_GAME_PAPER,event:2f041c00e4bddc69bd1bbfbd40cc3c09,6,4885.0,71.2513,-918.9795,-826.7417
PINNACLE_COMPLETED_GAME_PAPER,event:33af8135a9ccf582a2419dab5443185f,1,33.0,0.0859,-5.6281,-4.1811
PINNACLE_COMPLETED_GAME_PAPER,event:8c828219431dbc2cf98601993f8de842,1,15.0,0.0424,-2.6352,3.3135
PINNACLE_COMPLETED_GAME_PAPER,event:9241420b127929f2a3797fe6ea2fb9c6,1,1111.0,4.1805,-183.6087,65.4187
PINNACLE_COMPLETED_GAME_PAPER,event:aa266da6f8d98646bc59d18ddbc5b2de,3,4846.0,41.3415,-872.3047,981.3645
PINNACLE_COMPLETED_GAME_PAPER,event:c56131e8d18b9a0d3eb0abb582e18394,2,3353.0,1060.4958,-642.8886,-471.2636
PINNACLE_COMPLETED_GAME_PAPER,event:c89488b9c83038e85e02e92481d093fe,4,3896.0,35.5144,-703.6482,-1000.9112
PINNACLE_COMPLETED_GAME_PAPER,event:cd974d85e2a617152370056d22cd8deb,6,9078.0,68.2442,-1616.2970,66.9448
PINNACLE_COMPLETED_GAME_PAPER,event:d62c3962dd0138ee7f2274cac535eb37,2,1797.0,14.1739,-98.1633,391.0699
PINNACLE_COMPLETED_GAME_PAPER,event:pinnapi:1637157182,1,1.0,0.0045,-0.0534,0.1986
PINNACLE_COMPLETED_GAME_PAPER,event:pinnapi:1637157183,2,2381.0,18.9421,-148.7761,725.2923
PINNACLE_COMPLETED_GAME_PAPER,event:pinnapi:1637158336,1,1123.0,0.4383,-186.2375,71.6852
PINNACLE_COMPLETED_GAME_PAPER,event:pinnapi:1637158339,2,3007.0,5.6063,-514.6042,-337.4262
PINNACLE_COMPLETED_GAME_PAPER,event:pinnapi:1637175578,2,3714.0,2.4526,-187.8482,-241.4644
PINNACLE_COMPLETED_GAME_PAPER,event:pinnapi:1637269491,1,72.0,0.2339,-4.7225,-25.4212
PINNACLE_COMPLETED_GAME_PAPER,event:pinnapi:1637330292,1,1052.0,4.8411,-65.4792,35.9994
PINNACLE_COMPLETED_GAME_PAPER,event:pinnapi:1637478571,1,1056.0,1.1075,-533.8833,-389.0211
PINNACLE_COMPLETED_GAME_PAPER,event:pinnapi:1637489027,1,1075.0,7.6753,-53.0752,47.3668
PINNACLE_COMPLETED_GAME_PAPER,event:pinnapi:1637497433,2,10.0,0.0609,-0.8601,-2.7857
PINNACLE_COMPLETED_GAME_PAPER,event:pinnapi:1637497434,1,150.0,0.3219,-13.3552,32.3778
PINNACLE_COMPLETED_GAME_PAPER,event:pinnapi:1637497439,1,132.0,1.4604,-12.4535,9.4990
PINNACLE_COMPLETED_GAME_PAPER,event:pinnapi:1637497475,1,1282.0,9.8967,-334.8802,152.3179
PINNACLE_COMPLETED_GAME_PAPER,event:pinnapi:1637497640,1,3.0,0.0024,-0.2075,-0.7003
PINNACLE_COMPLETED_GAME_PAPER,event:pinnapi:1637497646,1,2.0,0.0063,-0.1341,-0.3815
PINNACLE_COMPLETED_GAME_PAPER,event:pinnapi:1637497647,1,214.0,0.1424,-15.1149,9.4284
PINNACLE_COMPLETED_GAME_PAPER,event:pinnapi:1637499530,1,24.0,0.8958,-1.7411,3.8257
PINNACLE_COMPLETED_GAME_PAPER,event:pinnapi:1637499590,1,199.0,3.1771,-104.0152,14.6809
PINNACLE_COMPLETED_GAME_PAPER,event:pinnapi:1637502797,1,252.0,1.6312,-126.0753,40.1544
PINNACLE_COMPLETED_GAME_PAPER,event:pinnapi:1637502803,1,1282.0,33.6363,-423.7861,152.3127
PINNACLE_COMPLETED_GAME_PAPER,event:pinnapi:1637502804,1,5.0,0.0212,-2.6507,-1.3014
PINNACLE_COMPLETED_GAME_PAPER,event:pinnapi:1637502805,1,311.0,0.9143,-161.0753,-56.1367
PINNACLE_COMPLETED_GAME_PAPER,event:pinnapi:1637503814,1,698.0,5.1566,-364.5248,-137.1718
PINNACLE_COMPLETED_GAME_PAPER,event:pinnapi:1637503816,2,202.0,1.0680,-25.1407,5.0173
PINNACLE_COMPLETED_GAME_PAPER,event:pinnapi:1637503822,2,1572.0,44.3084,-237.2292,-120.3340
PINNACLE_COMPLETED_GAME_PAPER,event:pinnapi:1637503823,2,2391.0,8.6382,-299.5451,-405.2281
PINNACLE_COMPLETED_GAME_PAPER,event:pinnapi:1637503824,2,655.0,2.3472,-86.9902,-88.0333
PINNACLE_COMPLETED_GAME_PAPER,event:pinnapi:1637503825,2,3298.0,24.2415,-419.7422,-360.0261
PINNACLE_COMPLETED_GAME_PAPER,event:pinnapi:1637503870,1,124.0,0.5454,-64.6540,-23.0432
PINNACLE_COMPLETED_GAME_PAPER,event:pinnapi:1637506126,2,253.0,2.0600,-32.9171,-20.3985
PINNACLE_COMPLETED_GAME_PAPER,event:pinnapi:1637506162,1,1724.0,2.8973,-901.5229,381.0247
PINNACLE_COMPLETED_GAME_PAPER,event:pinnapi:1637528066,1,9.0,0.1010,-1.5630,-1.7665
PINNACLE_COMPLETED_GAME_PAPER,event:pinnapi:1637528097,2,77.0,1.3301,-6.2862,-6.6793
PINNACLE_COMPLETED_GAME_PAPER,event:pinnapi:1637528143,1,471.0,11.9271,-251.4617,199.5005
PINNACLE_COMPLETED_GAME_PAPER,event:pinnapi:1637528144,1,1369.0,5.2324,-709.1017,197.2544
PINNACLE_COMPLETED_GAME_PAPER,event:pinnapi:1637528149,1,49.0,2.4883,-9.3482,-18.2924
PINNACLE_COMPLETED_GAME_PAPER,event:pinnapi:1637528663,1,973.0,2.7110,-520.5785,-221.5113
PINNACLE_COMPLETED_GAME_PAPER,event:pinnapi:1637528664,1,561.0,6.4403,-281.4578,-12.5120
PINNACLE_COMPLETED_GAME_PAPER,event:pinnapi:1637528666,1,77.0,0.7330,-39.9093,3.0156
PINNACLE_COMPLETED_GAME_PAPER,event:pinnapi:1637530220,1,19.0,0.0884,-3.2399,2.7386
PINNACLE_COMPLETED_GAME_PAPER,event:pinnapi:1637530238,1,10.0,0.0810,-5.1883,-1.5888
PINNACLE_COMPLETED_GAME_PAPER,event:pinnapi:1637530259,1,972.0,4.3726,-506.1441,106.9790
PINNACLE_COMPLETED_GAME_PAPER,event:pinnapi:1637530264,1,1030.0,18.0633,-552.9032,32.1812
PINNACLE_COMPLETED_GAME_PAPER,event:pinnapi:1637543406,1,26.0,0.1994,-1.7737,4.1445
PINNACLE_COMPLETED_GAME_PAPER,event:pinnapi:1637543465,1,338.0,0.6062,-177.2092,57.5007
PINNACLE_COMPLETED_GAME_PAPER,event:pinnapi:1637543467,1,500.0,6.1058,-85.8842,-153.4050
PINNACLE_COMPLETED_GAME_PAPER,event:pinnapi:1637543468,2,137.0,0.2690,-10.4404,35.6022
PINNACLE_COMPLETED_GAME_PAPER,event:pinnapi:1637543480,1,1219.0,21.0792,-638.0438,120.3324
PINNACLE_COMPLETED_GAME_PAPER,event:pinnapi:1637543481,1,253.0,2.5367,-135.9819,14.8743
PINNACLE_COMPLETED_GAME_PAPER,event:pinnapi:1637546044,1,1021.0,3.2725,-549.5367,-167.7305
PINNACLE_COMPLETED_GAME_PAPER,event:pinnapi:1637546049,1,114.0,0.2821,-59.1471,8.4093
PINNACLE_COMPLETED_GAME_PAPER,event:pinnapi:1637546050,1,42.0,0.3604,-22.7343,-10.4789
PINNACLE_COMPLETED_GAME_PAPER,event:pinnapi:1637546237,1,5.0,0.0301,-0.8702,1.0296
PINNACLE_COMPLETED_GAME_PAPER,event:pinnapi:1637546238,1,28.0,0.0560,-4.9063,6.0417
PINNACLE_COMPLETED_GAME_PAPER,event:pinnapi:1637546242,1,138.0,1.4869,-71.7426,-50.8324
PINNACLE_COMPLETED_GAME_PAPER,event:pinnapi:1637546651,2,325.0,9.5480,-28.4900,17.3060
PINNACLE_COMPLETED_GAME_PAPER,event:pinnapi:1637546652,1,148.0,3.5942,-14.0577,27.3654
PINNACLE_COMPLETED_GAME_PAPER,event:pinnapi:1637546681,1,299.0,2.1017,-56.2364,28.0396
PINNACLE_COMPLETED_GAME_PAPER,event:pinnapi:1637546683,1,193.0,0.0258,-10.7663,86.9619
PINNACLE_COMPLETED_GAME_PAPER,event:pinnapi:1637555885,1,416.0,3.6498,-218.4882,18.5798
PINNACLE_COMPLETED_GAME_PAPER,event:pinnapi:1637578985,1,9.0,0.0583,-0.6004,1.8972
PINNACLE_COMPLETED_GAME_PAPER,event:pinnapi:1637582385,2,182.0,3.8366,-35.2661,-18.7105
PINNACLE_COMPLETED_GAME_PAPER,event:pinnapi:1637590312,1,8.0,0.0029,-1.6229,0.9094
PINNACLE_COMPLETED_GAME_PAPER,event:pinnapi:1637607131,4,4664.0,47.6341,-464.9436,64.5668
PINNACLE_COMPLETED_GAME_PAPER,event:pinnapi:1637608648,1,2272.0,27.7613,-217.1678,680.6223
PINNACLE_COMPLETED_GAME_PAPER,event:pinnapi:1637608662,7,6956.0,155.1584,-1379.6995,-242.9498
PINNACLE_COMPLETED_GAME_PAPER,event:pinnapi:1637608665,2,1615.0,14.9474,-813.2970,322.2435
PINNACLE_COMPLETED_GAME_PAPER,event:pinnapi:1637608668,5,4748.0,73.2482,-1323.5709,-654.0067
PINNACLE_COMPLETED_GAME_PAPER,event:pinnapi:1637608669,1,1562.0,3.6159,-108.4928,296.8485
PINNACLE_COMPLETED_GAME_PAPER,event:pinnapi:1637608741,1,1282.0,48.8498,-687.7512,176.1189
PINNACLE_COMPLETED_GAME_PAPER,event:pinnapi:1637608744,2,3793.0,231.0262,-460.0021,-971.0590
PINNACLE_COMPLETED_GAME_PAPER,event:pinnapi:1637608745,3,2946.0,18.2885,-1323.1839,-385.5142
PINNACLE_COMPLETED_GAME_PAPER,event:pinnapi:1637650780,5,5169.0,26.5865,-1540.3017,477.2008
PINNACLE_COMPLETED_GAME_PAPER,event:pinnapi:1637661791,1,30.0,0.0197,-2.7065,-10.4371
PINNACLE_COMPLETED_GAME_PAPER,event:pinnapi:1637707710,1,5.0,0.0331,-0.2977,1.0557
PINNACLE_COMPLETED_GAME_PAPER,event:pinnapi:1637710741,1,56.0,0.2260,-5.2490,9.4964
PINNACLE_COMPLETED_GAME_PAPER,event:pinnapi:1637733157,1,10.0,0.0901,-0.6243,-1.6986
PINNACLE_COMPLETED_GAME_PAPER,event:pinnapi:1637742448,2,28.0,0.5061,-2.6519,2.2683
