strategy,fixture,positions,realized_usd,expected_at_entry_usd,first_entry,last_close
DEREK_ENTRY_POLICY_V2,condition:0x7af06a6b565678dd02509cb9209e8b8cfc791c4025e1a352b7aba321f6b31279,3,84.5400,176.7990,2026-10-05 08:32:15.041299+00,2026-10-07 02:35:15.579983+00
DEREK_ENTRY_POLICY_V2,event:0061a41775516b876960b60e18dee634,3,-1958.6200,190.1032,2026-10-05 09:06:49.791209+00,2026-10-05 21:35:54.47675+00
DEREK_ENTRY_POLICY_V2,event:3aad35139730b2026ed3f3601d077546,1,30.2100,56.4593,2026-10-05 09:19:12.53308+00,2026-10-05 19:54:31.268251+00
DEREK_ENTRY_POLICY_V2,event:4be245ad03895bcafcdc42d7d926b675,3,-951.2500,173.7335,2026-10-05 12:12:17.703574+00,2026-10-06 04:02:04.7687+00
DEREK_ENTRY_POLICY_V2,event:5cf84a9c33cffc13da7ab489bfc4b35d,1,592.6900,62.9531,2026-10-05 12:33:20.757427+00,2026-10-05 21:33:00.549971+00
DEREK_ENTRY_POLICY_V2,event:6619e1fedfdf11ec54f2ff721efd209f,4,771.5282,174.7385,2026-10-05 09:04:46.032211+00,2026-10-05 21:15:47.828571+00
DEREK_ENTRY_POLICY_V2,event:8bd90781e17e6d97df3941063cedae1e,1,-994.4400,64.4883,2026-10-05 09:33:15.299617+00,2026-10-06 16:02:53.873479+00
DEREK_ENTRY_POLICY_V2,event:ccd487a87bb73145e3f12dd3a765ad47,6,-958.8202,117.8257,2026-10-05 09:50:47.163446+00,2026-10-07 00:45:09.42733+00
DEREK_ENTRY_POLICY_V2,event:d25e4cefbf1b47ae2ee43f7c70f0c1f2,5,2805.0200,344.0109,2026-10-05 09:44:45.747254+00,2026-10-05 18:43:54.57938+00
DEREK_ENTRY_POLICY_V2,event:pinnapi:1637165008,2,-39.4800,2.5631,2026-10-05 09:31:20.9389+00,2026-10-07 00:23:11.632072+00
DEREK_ENTRY_POLICY_V2,event:pinnapi:1637165554,3,2.8288,8.6214,2026-10-05 08:44:14.778539+00,2026-10-05 20:29:06.385193+00
DEREK_ENTRY_POLICY_V2,event:pinnapi:1637165555,1,112.1100,22.2428,2026-10-05 16:37:34.459875+00,2026-10-05 21:51:03.097229+00
DEREK_ENTRY_POLICY_V2,event:pinnapi:1637171553,2,16.1500,61.2616,2026-10-05 10:32:08.40993+00,2026-10-05 19:07:46.956305+00
DEREK_ENTRY_POLICY_V2,event:pinnapi:1637171951,5,0.8200,21.2055,2026-10-05 08:41:43.757304+00,2026-10-05 20:16:59.609505+00
DEREK_ENTRY_POLICY_V2,event:pinnapi:1637171998,1,11.7400,28.8156,2026-10-05 17:03:41.661068+00,2026-10-05 17:28:14.365271+00
DEREK_ENTRY_POLICY_V2,event:pinnapi:1637172039,2,-212.0157,13.3356,2026-10-05 13:47:40.290835+00,2026-10-05 21:50:02.316224+00
DEREK_ENTRY_POLICY_V2,event:pinnapi:1637175365,1,28.2700,67.7794,2026-10-05 22:13:04.813545+00,2026-10-05 22:38:36.077965+00
DEREK_ENTRY_POLICY_V2,event:pinnapi:1637175501,2,14.8916,32.1611,2026-10-05 10:05:09.209052+00,2026-10-06 12:31:50.731735+00
DEREK_ENTRY_POLICY_V2,event:pinnapi:1637185133,1,25.5700,55.3307,2026-10-05 21:37:21.990512+00,2026-10-06 00:46:50.766635+00
DEREK_ENTRY_POLICY_V2,event:pinnapi:1637208843,2,-277.4800,90.8453,2026-10-05 10:08:40.332782+00,2026-10-06 20:23:58.834613+00
DEREK_ENTRY_POLICY_V2,event:pinnapi:1637269491,1,-993.1300,62.9357,2026-10-05 09:22:19.610591+00,2026-10-07 02:57:14.609231+00
DEREK_ENTRY_POLICY_V2,event:pinnapi:1637448269,1,377.4200,52.4008,2026-10-05 18:41:00.255116+00,2026-10-05 21:38:59.493121+00
DEREK_ENTRY_POLICY_V2,event:pinnapi:1637451509,3,269.4100,71.7449,2026-10-05 13:01:43.170115+00,2026-10-05 19:55:55.321281+00
DEREK_ENTRY_POLICY_V2,event:pinnapi:1637469377,3,50.1000,164.7084,2026-10-05 08:32:41.991764+00,2026-10-05 19:43:47.179774+00
DEREK_ENTRY_POLICY_V2,event:pinnapi:1637469427,1,0.1400,0.5166,2026-10-05 15:32:16.175992+00,2026-10-05 22:46:40.417231+00
DEREK_ENTRY_POLICY_V2,event:pinnapi:1637469430,1,-994.5600,57.2822,2026-10-05 08:28:50.60721+00,2026-10-06 06:18:19.579888+00
DEREK_ENTRY_POLICY_V2,event:pinnapi:1637469519,2,3.5762,7.4393,2026-10-05 08:33:01.577385+00,2026-10-06 13:21:53.219419+00
DEREK_ENTRY_POLICY_V2,event:pinnapi:1637469534,1,-991.5800,56.4712,2026-10-05 11:14:12.540816+00,2026-10-06 03:36:08.549844+00
DEREK_ENTRY_POLICY_V2,event:pinnapi:1637469540,1,-994.0200,62.3040,2026-10-05 12:56:10.885224+00,2026-10-07 00:27:09.569654+00
DEREK_ENTRY_POLICY_V2,event:pinnapi:1637469583,3,49.6700,182.9113,2026-10-05 09:10:20.352368+00,2026-10-05 20:18:53.090688+00
DEREK_ENTRY_POLICY_V2,event:pinnapi:1637469596,2,13.4600,51.2877,2026-10-05 17:59:12.8197+00,2026-10-05 21:34:33.210998+00
DEREK_ENTRY_POLICY_V2,event:pinnapi:1637469602,1,-3.7600,0.2406,2026-10-05 08:19:29.659071+00,2026-10-06 08:04:25.099951+00
DEREK_ENTRY_POLICY_V2,event:pinnapi:1637470947,1,91.8700,9.0959,2026-10-05 09:17:16.189229+00,2026-10-07 00:25:10.131886+00
DEREK_ENTRY_POLICY_V2,event:pinnapi:1637470950,1,26.3305,53.4516,2026-10-05 11:08:47.907548+00,2026-10-06 02:51:04.59+00
DEREK_ENTRY_POLICY_V2,event:pinnapi:1637470973,1,1.9700,4.7170,2026-10-05 14:00:25.423137+00,2026-10-06 02:43:08.498983+00
DEREK_ENTRY_POLICY_V2,event:pinnapi:1637472007,1,4.4250,8.7763,2026-10-05 10:35:16.267281+00,2026-10-06 10:39:24.718956+00
DEREK_ENTRY_POLICY_V2,event:pinnapi:1637472457,1,4.6900,11.4958,2026-10-05 15:26:34.032719+00,2026-10-06 03:54:04.169408+00
DEREK_ENTRY_POLICY_V2,event:pinnapi:1637472458,1,6.4620,19.9665,2026-10-05 10:16:28.970114+00,2026-10-06 10:19:27.964966+00
DEREK_ENTRY_POLICY_V2,event:pinnapi:1637472485,11,33.7503,95.7209,2026-10-05 09:14:17.296205+00,2026-10-05 11:29:10.221914+00
DEREK_ENTRY_POLICY_V2,event:pinnapi:1637472486,1,6.9034,18.4864,2026-10-05 12:53:20.733825+00,2026-10-06 06:05:15.62542+00
DEREK_ENTRY_POLICY_V2,event:pinnapi:1637475721,29,-2443.5386,450.9309,2026-10-05 08:54:48.991007+00,2026-10-05 13:21:21.919399+00
DEREK_ENTRY_POLICY_V2,event:pinnapi:1637491057,1,16.5300,61.5905,2026-10-05 10:39:46.820803+00,2026-10-06 19:45:58.637526+00
DEREK_ENTRY_POLICY_V2,event:pinnapi:1637497500,2,45.4800,116.3751,2026-10-05 08:59:39.342811+00,2026-10-05 17:19:12.584555+00
DEREK_ENTRY_POLICY_V2,event:pinnapi:1637497645,1,16.1100,57.4107,2026-10-05 20:58:27.180267+00,2026-10-07 00:21:08.637276+00
DEREK_ENTRY_POLICY_V2,event:pinnapi:1637502726,2,253.8352,45.4927,2026-10-05 12:03:18.17376+00,2026-10-05 21:48:30.318191+00
DEREK_ENTRY_POLICY_V2,event:pinnapi:1637546272,1,4.9694,11.4673,2026-10-05 11:35:03.454792+00,2026-10-06 04:35:13.259639+00
DEREK_ENTRY_POLICY_V2,event:pinnapi:1637593186,4,-1.8000,0.8910,2026-10-05 08:26:40.028792+00,2026-10-05 17:01:12.095018+00
DEREK_ENTRY_POLICY_V2,event:pinnapi:1637608658,1,-0.3168,0.0195,2026-10-05 17:52:35.853913+00,2026-10-06 07:48:24.694558+00
DEREK_ENTRY_POLICY_V2,event:pinnapi:1637608740,1,28.4200,63.8854,2026-10-05 21:40:27.444997+00,2026-10-05 23:42:49.738188+00
DEREK_ENTRY_POLICY_V2,event:pinnapi:1637608743,1,29.2400,68.9567,2026-10-05 16:19:06.134392+00,2026-10-06 03:07:08.619847+00
DEREK_ENTRY_POLICY_V2,event:pinnapi:1637741562,14,-7876.8981,490.1557,2026-10-05 08:33:55.375111+00,2026-10-05 11:07:27.210484+00
PINNACLE_COMPLETED_GAME_PAPER,condition:0x56843c39ee842fae25c33d55a160628192506e5a4d3df922ebd7f1faee8114dc,2,165.5244,74.0781,2026-10-02 01:47:41.489681+00,2026-10-02 02:43:32.681515+00
PINNACLE_COMPLETED_GAME_PAPER,event:031af65fa79a5fe4db7f515db7edd653,1,-5.3600,0.0445,2026-10-03 20:35:53.640316+00,2026-10-07 02:57:14.609231+00
PINNACLE_COMPLETED_GAME_PAPER,event:048b8e582376b00f3acbaaf879ec05ec,1,1.0400,0.0293,2026-10-04 04:36:39.219837+00,2026-10-04 17:14:13.83677+00
PINNACLE_COMPLETED_GAME_PAPER,event:05615ea2e80df56ae5b887dec1ca2f52,1,12.6700,1.7166,2026-10-03 04:25:44.213469+00,2026-10-03 17:34:00.628316+00
PINNACLE_COMPLETED_GAME_PAPER,event:1632ced04d65127cf6172d3a2c2e2d16,1,28.2600,3.2973,2026-10-03 22:11:01.269865+00,2026-10-03 23:05:35.030686+00
PINNACLE_COMPLETED_GAME_PAPER,event:3aad35139730b2026ed3f3601d077546,2,-174.5792,108.1944,2026-10-05 19:07:46.956305+00,2026-10-05 20:57:59.953272+00
PINNACLE_COMPLETED_GAME_PAPER,event:4be245ad03895bcafcdc42d7d926b675,2,2.7300,0.3517,2026-10-06 00:30:49.901489+00,2026-10-06 16:22:59.209512+00
PINNACLE_COMPLETED_GAME_PAPER,event:5d9aac1a239e87ecc555aba2fe4426cf,1,14.9700,1.5690,2026-10-04 16:32:10.587556+00,2026-10-06 19:27:01.61583+00
PINNACLE_COMPLETED_GAME_PAPER,event:650866b10c18149fc1b528c4f2e263a5,1,4.1400,2.0947,2026-10-03 19:31:11.145606+00,2026-10-03 20:32:16.659572+00
PINNACLE_COMPLETED_GAME_PAPER,event:6619e1fedfdf11ec54f2ff721efd209f,2,-43.5700,411.0469,2026-10-05 19:24:22.811149+00,2026-10-05 20:28:59.212285+00
PINNACLE_COMPLETED_GAME_PAPER,event:8de611cbeea26af7bae8f076d9237fd4,1,16.8411,3.0789,2026-10-04 08:41:07.880345+00,2026-10-04 21:11:44.724298+00
PINNACLE_COMPLETED_GAME_PAPER,event:ac6c8a4fa9f7c3f6caf15b1e3b5c77d4,1,13.7300,19.1435,2026-10-03 19:26:30.12092+00,2026-10-03 20:17:14.953595+00
PINNACLE_COMPLETED_GAME_PAPER,event:b482dc6936da27dfacadb83fdcaf898d,1,28.2600,3.4466,2026-10-05 16:54:44.134928+00,2026-10-07 00:28:11.922221+00
PINNACLE_COMPLETED_GAME_PAPER,event:b4d5817327ab9a1e854c93056604843f,1,-348.1025,141.0060,2026-10-03 23:04:11.097299+00,2026-10-03 23:43:00.983484+00
PINNACLE_COMPLETED_GAME_PAPER,event:b6048b1da7816b2a0944013e6c139609,1,19.3400,0.3137,2026-10-03 17:37:00.5955+00,2026-10-03 19:39:13.683595+00
PINNACLE_COMPLETED_GAME_PAPER,event:cb4d07dc15440acf3d9ebe1ad41756c1,1,27.1900,1.4850,2026-10-03 22:57:28.312197+00,2026-10-03 23:43:50.715282+00
PINNACLE_COMPLETED_GAME_PAPER,event:ccd487a87bb73145e3f12dd3a765ad47,5,-816.0594,271.3943,2026-10-05 21:06:25.97084+00,2026-10-06 00:00:48.02403+00
PINNACLE_COMPLETED_GAME_PAPER,event:d25e4cefbf1b47ae2ee43f7c70f0c1f2,1,51.2700,19.8291,2026-10-05 16:28:25.789458+00,2026-10-05 16:49:11.144608+00
PINNACLE_COMPLETED_GAME_PAPER,event:e5ef3c5aba98aed80abcb9eb0d592bff,1,27.6400,18.8860,2026-10-02 19:36:25.774549+00,2026-10-02 20:07:15.358699+00
PINNACLE_COMPLETED_GAME_PAPER,event:pinnapi:1637165008,2,25.2800,2.5554,2026-10-05 10:57:56.123968+00,2026-10-05 14:39:18.403677+00
PINNACLE_COMPLETED_GAME_PAPER,event:pinnapi:1637165554,1,1.7804,0.0508,2026-10-05 14:12:46.10959+00,2026-10-05 20:29:58.140532+00
PINNACLE_COMPLETED_GAME_PAPER,event:pinnapi:1637165555,1,112.1100,2.6431,2026-10-05 16:37:34.459875+00,2026-10-05 21:51:03.097229+00
PINNACLE_COMPLETED_GAME_PAPER,event:pinnapi:1637171951,1,-32.4700,0.1138,2026-10-05 16:27:35.590513+00,2026-10-05 20:16:59.609505+00
PINNACLE_COMPLETED_GAME_PAPER,event:pinnapi:1637171998,1,0.0500,0.0054,2026-10-05 17:30:25.3687+00,2026-10-05 18:36:44.777224+00
PINNACLE_COMPLETED_GAME_PAPER,event:pinnapi:1637172039,1,0.8200,0.3923,2026-10-05 21:02:11.216307+00,2026-10-05 21:13:57.388783+00
PINNACLE_COMPLETED_GAME_PAPER,event:pinnapi:1637175365,1,13.7700,1.8282,2026-10-05 22:23:01.336845+00,2026-10-05 22:44:38.930516+00
PINNACLE_COMPLETED_GAME_PAPER,event:pinnapi:1637190810,1,1.2900,0.5515,2026-10-05 11:31:55.663161+00,2026-10-06 16:21:57.291188+00
PINNACLE_COMPLETED_GAME_PAPER,event:pinnapi:1637193387,1,2.1800,0.5892,2026-10-05 09:52:13.597155+00,2026-10-06 18:08:58.132902+00
PINNACLE_COMPLETED_GAME_PAPER,event:pinnapi:1637208843,3,-680.8900,26.0316,2026-10-05 10:08:40.332782+00,2026-10-06 20:23:58.834613+00
PINNACLE_COMPLETED_GAME_PAPER,event:pinnapi:1637451509,2,-49.8200,0.8149,2026-10-05 14:30:20.315251+00,2026-10-05 19:55:55.321281+00
PINNACLE_COMPLETED_GAME_PAPER,event:pinnapi:1637469519,1,-134.6700,51.2817,2026-10-05 22:23:00.622512+00,2026-10-06 13:21:53.219419+00
PINNACLE_COMPLETED_GAME_PAPER,event:pinnapi:1637469602,3,-36.2598,1.9453,2026-10-05 21:05:47.643286+00,2026-10-05 22:28:41.532686+00
PINNACLE_COMPLETED_GAME_PAPER,event:pinnapi:1637472485,2,-138.3486,0.7068,2026-10-05 08:27:12.912047+00,2026-10-05 12:20:29.772656+00
PINNACLE_COMPLETED_GAME_PAPER,event:pinnapi:1637472486,2,-985.6066,23.2607,2026-10-05 12:50:35.038386+00,2026-10-06 22:21:28.403359+00
PINNACLE_COMPLETED_GAME_PAPER,event:pinnapi:1637475721,8,35.2600,18.3498,2026-10-05 08:18:44.414312+00,2026-10-05 12:31:23.356051+00
PINNACLE_COMPLETED_GAME_PAPER,event:pinnapi:1637497500,3,43.2000,21.4511,2026-10-05 08:29:06.130217+00,2026-10-05 17:57:44.832327+00
PINNACLE_COMPLETED_GAME_PAPER,event:pinnapi:1637546272,2,6.8500,10.7337,2026-10-05 22:06:07.303664+00,2026-10-05 22:51:37.609776+00
PINNACLE_EXPLORATION_PAPER,condition:0x56843c39ee842fae25c33d55a160628192506e5a4d3df922ebd7f1faee8114dc,1,2.9100,-4.6560,2026-10-01 20:43:33.350124+00,2026-10-02 00:34:44.235802+00
PINNACLE_EXPLORATION_PAPER,condition:0x628e2f7b18d74764e2dd0388708d1d69ddec2b62c415958fb4ee99062e721012,1,729.0400,-15.0957,2026-10-04 09:01:08.984288+00,2026-10-04 23:47:47.452772+00
PINNACLE_EXPLORATION_PAPER,condition:0x7af06a6b565678dd02509cb9209e8b8cfc791c4025e1a352b7aba321f6b31279,1,32.8000,-44.4903,2026-10-05 08:32:26.404093+00,2026-10-07 03:15:01.082167+00
PINNACLE_EXPLORATION_PAPER,condition:0xb77a88986eed71d203e1259c283c9f135d6130e08009a18b8a277879e1cc719e,2,65.1800,-68.8599,2026-10-04 01:23:44.336444+00,2026-10-05 22:19:56.041856+00
PINNACLE_EXPLORATION_PAPER,condition:0xb7d43e8a7784a1420d734c7d76c725bc5523bbc560a283e9c40edfab6cc60c6c,1,1.4900,-1.0237,2026-10-01 20:42:28.821021+00,2026-10-04 03:29:17.827524+00
PINNACLE_EXPLORATION_PAPER,condition:0xc249f8f8b909aeb0a6a200eb0b4d8719acb25cd248cb1f37047426540e8f1700,2,-313.6400,-67.4259,2026-10-04 05:09:51.453872+00,2026-10-06 00:37:50.662199+00
PINNACLE_EXPLORATION_PAPER,event:0061a41775516b876960b60e18dee634,3,-942.2300,-121.5136,2026-10-05 02:20:29.406547+00,2026-10-05 21:35:54.47675+00
PINNACLE_EXPLORATION_PAPER,event:031af65fa79a5fe4db7f515db7edd653,1,-5.9500,-0.5242,2026-10-03 20:57:23.073066+00,2026-10-07 02:57:14.609231+00
PINNACLE_EXPLORATION_PAPER,event:048b8e582376b00f3acbaaf879ec05ec,1,28.1600,-18.8631,2026-10-03 19:38:16.984962+00,2026-10-04 17:25:45.441556+00
PINNACLE_EXPLORATION_PAPER,event:05615ea2e80df56ae5b887dec1ca2f52,1,11.6500,-1.1799,2026-10-03 04:00:42.256021+00,2026-10-03 17:34:00.628316+00
PINNACLE_EXPLORATION_PAPER,event:0cfc30ef36263d5a16208197656b29ff,1,52.1700,-86.0184,2026-10-03 04:26:53.719097+00,2026-10-03 16:14:58.009691+00
PINNACLE_EXPLORATION_PAPER,event:1156265e39cc2b943da422a53d2a832a,1,-1000.0000,-94.3291,2026-10-03 04:32:43.193614+00,2026-10-03 20:57:23.40449+00
PINNACLE_EXPLORATION_PAPER,event:1632ced04d65127cf6172d3a2c2e2d16,2,35.5200,-3.9901,2026-10-02 13:47:34.054395+00,2026-10-03 23:05:35.030686+00
PINNACLE_EXPLORATION_PAPER,event:18c29d24c37e4fa9c5c2a12218c87944,1,-99.9500,-7.2647,2026-10-01 21:28:03.000812+00,2026-10-04 21:08:47.384655+00
PINNACLE_EXPLORATION_PAPER,event:1a1a08419af12933b4c6a72b729b5b59,1,38.3600,-54.9252,2026-10-03 04:32:28.299761+00,2026-10-03 13:45:34.035265+00
PINNACLE_EXPLORATION_PAPER,event:1bc3bf1d3034010bdfb31d928a71177a,2,-112.3500,-52.5328,2026-10-05 04:40:50.967008+00,2026-10-06 22:10:24.993535+00
PINNACLE_EXPLORATION_PAPER,event:21b26266f3d78af02eb672e606275d95,1,14.9500,-25.8806,2026-10-05 08:32:54.390558+00,2026-10-05 23:33:47.090607+00
PINNACLE_EXPLORATION_PAPER,event:259b5df9aa0d10257f56de78523495e0,4,-187.9500,-134.4997,2026-10-05 08:47:50.607542+00,2026-10-07 14:57:04.764759+00
PINNACLE_EXPLORATION_PAPER,event:2718bb0aea7bb7aa60419612ff9341ff,2,-593.4900,-46.0607,2026-10-05 04:21:32.824541+00,2026-10-06 20:57:58.38151+00
PINNACLE_EXPLORATION_PAPER,event:2a637494f07611db6ba822fb84218d58,2,-195.4200,-46.5678,2026-10-05 16:49:34.432043+00,2026-10-07 14:24:05.593705+00
PINNACLE_EXPLORATION_PAPER,event:2b8ee7414d7336408e155d4f35599d8e,2,-600.1300,-56.1851,2026-10-04 11:29:10.527504+00,2026-10-06 20:37:00.496842+00
PINNACLE_EXPLORATION_PAPER,event:33af8135a9ccf582a2419dab5443185f,1,-6.4800,-2.9106,2026-10-04 01:07:14.714757+00,2026-10-07 23:35:11.608657+00
PINNACLE_EXPLORATION_PAPER,event:3aad35139730b2026ed3f3601d077546,2,-5.9200,-7.2206,2026-10-03 08:56:39.110546+00,2026-10-05 19:56:56.839231+00
PINNACLE_EXPLORATION_PAPER,event:448d7cf18c6db4c811ed82ded1b72867,1,-41.6500,-36.4203,2026-10-05 08:47:53.754115+00,2026-10-07 14:10:05.492614+00
PINNACLE_EXPLORATION_PAPER,event:479fa03024830eea649bf348b9a66f2e,1,-95.8500,-6.2363,2026-10-02 05:18:43.448517+00,2026-10-03 01:33:22.896227+00
PINNACLE_EXPLORATION_PAPER,event:4a0c0e7aa93708ae03af18db691f750f,1,-808.3600,-72.9284,2026-10-02 03:17:55.715609+00,2026-10-04 21:37:52.42225+00
PINNACLE_EXPLORATION_PAPER,event:4be245ad03895bcafcdc42d7d926b675,6,-1881.9900,-340.2018,2026-10-05 09:37:57.532282+00,2026-10-07 00:27:09.569654+00
PINNACLE_EXPLORATION_PAPER,event:52f2d012fe3e686087077b0d7083159a,2,-119.8700,-51.9118,2026-10-05 14:21:16.437233+00,2026-10-07 14:24:05.593705+00
PINNACLE_EXPLORATION_PAPER,event:583202487b52f61769b2404a64e01c77,2,-964.4800,-50.9344,2026-10-04 02:37:35.622718+00,2026-10-05 03:42:55.238473+00
PINNACLE_EXPLORATION_PAPER,event:5cf84a9c33cffc13da7ab489bfc4b35d,2,-38.1700,-8.0951,2026-10-03 07:38:24.284361+00,2026-10-05 21:33:00.549971+00
PINNACLE_EXPLORATION_PAPER,event:5d13b613a334039f0694d8c95af28728,1,-98.9100,-2.6685,2026-10-01 20:43:33.350124+00,2026-10-03 20:13:18.350574+00
PINNACLE_EXPLORATION_PAPER,event:5d9aac1a239e87ecc555aba2fe4426cf,2,4.1300,-3.7398,2026-10-04 06:45:12.891291+00,2026-10-06 20:24:59.040403+00
PINNACLE_EXPLORATION_PAPER,event:62d8e1c18355ab6b3913d7a28fa677c2,2,29.3200,-39.3429,2026-10-05 02:25:48.495247+00,2026-10-07 03:26:16.635029+00
PINNACLE_EXPLORATION_PAPER,event:650866b10c18149fc1b528c4f2e263a5,1,0.0500,-0.0843,2026-10-02 09:03:32.740685+00,2026-10-03 20:35:16.93941+00
PINNACLE_EXPLORATION_PAPER,event:6619e1fedfdf11ec54f2ff721efd209f,3,-860.8100,-154.5974,2026-10-02 09:18:32.871654+00,2026-10-05 21:15:47.828571+00
PINNACLE_EXPLORATION_PAPER,event:6b024bad1abb54f597225e4ab9b39d89,1,-2.4400,-0.6708,2026-10-05 09:03:05.740493+00,2026-10-07 14:16:05.542484+00
PINNACLE_EXPLORATION_PAPER,event:76c94aa8dba79a4f021b4eecbf422753,1,15.4200,-30.5878,2026-10-03 08:39:17.197239+00,2026-10-04 17:33:46.029049+00
PINNACLE_EXPLORATION_PAPER,event:8bd90781e17e6d97df3941063cedae1e,6,-2059.8000,-168.8603,2026-10-05 09:10:23.013186+00,2026-10-06 16:02:53.873479+00
PINNACLE_EXPLORATION_PAPER,event:8c828219431dbc2cf98601993f8de842,2,-8.4000,-55.0668,2026-10-04 03:17:54.062102+00,2026-10-08 00:44:13.782163+00
PINNACLE_EXPLORATION_PAPER,event:8de611cbeea26af7bae8f076d9237fd4,1,1.6000,-0.2153,2026-10-02 11:32:33.696147+00,2026-10-04 20:27:39.786821+00
PINNACLE_EXPLORATION_PAPER,event:8e5d515b10d8a5ffb324640ed60bcc55,1,-0.3400,-0.0414,2026-10-05 10:04:00.451728+00,2026-10-07 14:16:05.542484+00
PINNACLE_EXPLORATION_PAPER,event:9241420b127929f2a3797fe6ea2fb9c6,1,-54.2797,-46.6471,2026-10-03 23:18:57.484406+00,2026-10-07 22:51:04.423865+00
PINNACLE_EXPLORATION_PAPER,event:927cffe5b9e767db9ea09629ead4f944,1,-722.4500,-88.1664,2026-10-02 04:33:15.444789+00,2026-10-03 16:12:00.527762+00
PINNACLE_EXPLORATION_PAPER,event:93704173a25de24b2fbe254ba32f3a3a,1,43.2700,-88.5784,2026-10-02 05:04:43.762876+00,2026-10-02 23:54:38.020519+00
PINNACLE_EXPLORATION_PAPER,event:9db4ed15fe34fca1fb62f040cd244591,1,-0.7500,-0.5122,2026-10-05 10:04:03.242959+00,2026-10-07 14:16:05.542484+00
PINNACLE_EXPLORATION_PAPER,event:a2b398e3cd93d7096008281dde9e6504,1,6.5700,-8.8830,2026-10-03 04:02:57.044582+00,2026-10-03 16:37:57.04838+00
PINNACLE_EXPLORATION_PAPER,event:a902c361d1a8c4fd596ffb93d71ab378,1,163.5700,-5.9878,2026-10-02 03:47:54.251481+00,2026-10-04 21:10:51.114452+00
PINNACLE_EXPLORATION_PAPER,event:ac6c8a4fa9f7c3f6caf15b1e3b5c77d4,2,23.2200,-34.0684,2026-10-01 22:42:55.518858+00,2026-10-03 19:26:28.856722+00
PINNACLE_EXPLORATION_PAPER,event:af78df2c3dc0728fc53c675b62f18a98,1,5.5800,-10.5543,2026-10-03 06:01:25.218534+00,2026-10-04 14:00:52.392582+00
PINNACLE_EXPLORATION_PAPER,event:b482dc6936da27dfacadb83fdcaf898d,2,84.6800,-72.7069,2026-10-05 16:54:43.454183+00,2026-10-07 00:28:11.922221+00
PINNACLE_EXPLORATION_PAPER,event:b4d5817327ab9a1e854c93056604843f,1,-99.1700,-6.0416,2026-10-01 21:45:40.273697+00,2026-10-03 23:43:00.983484+00
PINNACLE_EXPLORATION_PAPER,event:b6048b1da7816b2a0944013e6c139609,1,20.7700,-18.3589,2026-10-03 05:08:56.723364+00,2026-10-03 19:30:15.637511+00
PINNACLE_EXPLORATION_PAPER,event:bc11b98f6ba1da1f5d5d051fd14cd197,2,31.9800,-38.2164,2026-10-05 11:17:24.86585+00,2026-10-06 19:22:55.487482+00
PINNACLE_EXPLORATION_PAPER,event:c56131e8d18b9a0d3eb0abb582e18394,1,9.0400,-213.9017,2026-10-04 01:52:43.387822+00,2026-10-08 00:52:17.086426+00
PINNACLE_EXPLORATION_PAPER,event:c89488b9c83038e85e02e92481d093fe,1,-151.4199,-93.5007,2026-10-05 10:22:18.026344+00,2026-10-07 14:20:02.16298+00
PINNACLE_EXPLORATION_PAPER,event:cb4d07dc15440acf3d9ebe1ad41756c1,1,2.8100,-4.0311,2026-10-01 21:12:51.091161+00,2026-10-03 23:46:52.687296+00
PINNACLE_EXPLORATION_PAPER,event:cc52bba56e74f5cddbe9011046181c3d,1,-259.1808,-72.0730,2026-10-05 10:04:14.65613+00,2026-10-07 14:10:05.492614+00
PINNACLE_EXPLORATION_PAPER,event:ccd487a87bb73145e3f12dd3a765ad47,12,-1780.8000,-381.4200,2026-10-05 10:40:33.512541+00,2026-10-06 14:32:52.803165+00
PINNACLE_EXPLORATION_PAPER,event:d25e4cefbf1b47ae2ee43f7c70f0c1f2,3,120.9720,-108.5589,2026-10-04 23:20:36.27981+00,2026-10-05 18:45:54.062357+00
PINNACLE_EXPLORATION_PAPER,event:d62c3962dd0138ee7f2274cac535eb37,1,0.5300,-1.5593,2026-10-03 02:04:53.484813+00,2026-10-06 22:51:25.188513+00
PINNACLE_EXPLORATION_PAPER,event:e32fea4406b5fdba3a733019ad3059ad,2,-279.7700,-30.9748,2026-10-05 13:21:01.60495+00,2026-10-06 21:12:24.512167+00
PINNACLE_EXPLORATION_PAPER,event:e5ef3c5aba98aed80abcb9eb0d592bff,1,8.8700,-28.6112,2026-10-02 07:02:59.62847+00,2026-10-02 20:00:47.883752+00
PINNACLE_EXPLORATION_PAPER,event:e6d00eedd87d367e510314bd8cab8f6f,1,-1.2800,-0.3389,2026-10-05 12:19:07.600509+00,2026-10-07 14:22:03.587192+00
PINNACLE_EXPLORATION_PAPER,event:e979f252ee424cd29028d8f8aa21934a,3,-26.3400,-6.7424,2026-10-03 06:25:08.686888+00,2026-10-05 21:02:53.508894+00
PINNACLE_EXPLORATION_PAPER,event:ead81aac8131ba7e2f42e6989f4ba3c2,1,-1.4500,-0.0415,2026-10-02 09:48:33.291643+00,2026-10-03 18:32:00.983414+00
PINNACLE_EXPLORATION_PAPER,event:ed18949608b83e25d1556c5081e43ba8,2,-14.0000,-20.8670,2026-10-04 14:27:52.254165+00,2026-10-06 20:57:02.124227+00
PINNACLE_EXPLORATION_PAPER,event:fbffd0b7722fd81d68d5d62472dc80e8,1,-65.4800,-31.8624,2026-10-05 14:29:42.741997+00,2026-10-07 14:06:03.961537+00
PINNACLE_EXPLORATION_PAPER,event:fefdbdc59cf8fd0495796f9b372d0152,2,23.0700,-6.9451,2026-10-05 11:13:14.991452+00,2026-10-06 19:58:55.348825+00
PINNACLE_EXPLORATION_PAPER,event:pinnapi:1637165008,5,-1609.6400,-190.4679,2026-10-05 09:16:45.691273+00,2026-10-07 00:23:11.632072+00
PINNACLE_EXPLORATION_PAPER,event:pinnapi:1637165554,8,-468.4500,-83.3059,2026-10-05 08:44:13.50617+00,2026-10-05 20:29:06.385193+00
PINNACLE_EXPLORATION_PAPER,event:pinnapi:1637165555,3,-121.0131,-21.3974,2026-10-05 13:30:55.158233+00,2026-10-05 21:51:03.097229+00
PINNACLE_EXPLORATION_PAPER,event:pinnapi:1637171553,3,-812.8400,-89.4621,2026-10-05 09:54:45.308078+00,2026-10-05 21:18:32.20895+00
PINNACLE_EXPLORATION_PAPER,event:pinnapi:1637171951,3,-64.2479,-14.5478,2026-10-05 08:41:41.037187+00,2026-10-05 20:16:59.609505+00
PINNACLE_EXPLORATION_PAPER,event:pinnapi:1637171998,3,-62.7300,-19.2764,2026-10-05 08:58:51.46216+00,2026-10-05 22:01:02.211693+00
PINNACLE_EXPLORATION_PAPER,event:pinnapi:1637172039,4,85.3429,-81.4453,2026-10-05 09:01:21.424189+00,2026-10-05 21:50:02.316224+00
PINNACLE_EXPLORATION_PAPER,event:pinnapi:1637175365,3,30.9600,-41.0114,2026-10-05 08:59:55.668038+00,2026-10-05 23:34:45.778091+00
PINNACLE_EXPLORATION_PAPER,event:pinnapi:1637175501,3,33.8300,-87.7369,2026-10-05 10:05:08.514292+00,2026-10-05 23:47:50.073013+00
PINNACLE_EXPLORATION_PAPER,event:pinnapi:1637175522,2,29.9500,-32.2223,2026-10-05 12:15:35.460514+00,2026-10-06 02:00:10.434501+00
PINNACLE_EXPLORATION_PAPER,event:pinnapi:1637185133,2,-804.6500,-46.7120,2026-10-05 12:00:37.924132+00,2026-10-06 05:50:11.753534+00
PINNACLE_EXPLORATION_PAPER,event:pinnapi:1637190806,2,-90.1400,-86.7895,2026-10-05 11:31:40.70191+00,2026-10-07 00:11:43.53026+00
PINNACLE_EXPLORATION_PAPER,event:pinnapi:1637190807,2,-90.1400,-80.7413,2026-10-05 11:02:05.068707+00,2026-10-07 00:32:04.262993+00
PINNACLE_EXPLORATION_PAPER,event:pinnapi:1637190808,2,-72.3000,-8.1700,2026-10-05 17:03:15.503759+00,2026-10-07 00:28:11.922221+00
PINNACLE_EXPLORATION_PAPER,event:pinnapi:1637190809,2,-90.1400,-80.9323,2026-10-05 10:48:04.093452+00,2026-10-07 00:43:11.472364+00
PINNACLE_EXPLORATION_PAPER,event:pinnapi:1637190810,2,-23.0000,-18.3715,2026-10-05 11:31:54.922973+00,2026-10-06 23:23:31.849205+00
PINNACLE_EXPLORATION_PAPER,event:pinnapi:1637190811,2,-160.7900,-116.0889,2026-10-05 10:46:28.591558+00,2026-10-07 00:46:08.392974+00
PINNACLE_EXPLORATION_PAPER,event:pinnapi:1637193384,2,-193.0000,-155.5813,2026-10-05 10:31:29.27951+00,2026-10-07 00:11:43.53026+00
PINNACLE_EXPLORATION_PAPER,event:pinnapi:1637193385,2,-85.7900,-81.4594,2026-10-05 11:04:57.043056+00,2026-10-07 00:46:08.392974+00
PINNACLE_EXPLORATION_PAPER,event:pinnapi:1637193386,1,-3.0400,-1.1989,2026-10-05 19:06:09.322211+00,2026-10-07 01:02:13.463029+00
PINNACLE_EXPLORATION_PAPER,event:pinnapi:1637193387,2,-189.0700,-144.9210,2026-10-05 09:46:30.122164+00,2026-10-06 21:39:30.194801+00
PINNACLE_EXPLORATION_PAPER,event:pinnapi:1637194826,2,-50.5900,-71.6842,2026-10-05 10:01:35.22299+00,2026-10-06 23:09:39.91049+00
PINNACLE_EXPLORATION_PAPER,event:pinnapi:1637194827,2,-3.4600,-1.0000,2026-10-05 11:45:38.18646+00,2026-10-06 23:23:31.849205+00
PINNACLE_EXPLORATION_PAPER,event:pinnapi:1637194828,2,-72.3800,-74.5537,2026-10-05 10:01:00.832607+00,2026-10-07 00:29:18.787804+00
PINNACLE_EXPLORATION_PAPER,event:pinnapi:1637194830,2,-89.9300,-81.2350,2026-10-05 11:46:36.993689+00,2026-10-07 00:45:09.42733+00
PINNACLE_EXPLORATION_PAPER,event:pinnapi:1637194831,2,-89.9300,-86.9866,2026-10-05 09:50:31.520833+00,2026-10-07 00:44:06.884282+00
PINNACLE_EXPLORATION_PAPER,event:pinnapi:1637194832,2,-90.1400,-79.4544,2026-10-05 10:46:45.276627+00,2026-10-06 19:55:00.679626+00
PINNACLE_EXPLORATION_PAPER,event:pinnapi:1637194834,2,-212.8500,-159.5234,2026-10-05 09:01:44.357878+00,2026-10-06 16:01:58.1224+00
PINNACLE_EXPLORATION_PAPER,event:pinnapi:1637208843,4,-1006.2000,-316.5733,2026-10-05 10:08:43.115502+00,2026-10-06 20:23:58.834613+00
PINNACLE_EXPLORATION_PAPER,event:pinnapi:1637269491,2,-969.6000,-57.6144,2026-10-05 09:22:18.265188+00,2026-10-07 02:57:14.609231+00
PINNACLE_EXPLORATION_PAPER,event:pinnapi:1637448269,2,-42.9900,-36.3361,2026-10-05 09:00:30.4671+00,2026-10-05 21:38:59.493121+00
PINNACLE_EXPLORATION_PAPER,event:pinnapi:1637451509,4,-85.3152,-16.9902,2026-10-05 11:29:25.995855+00,2026-10-05 19:55:55.321281+00
PINNACLE_EXPLORATION_PAPER,event:pinnapi:1637469377,3,-914.6600,-147.3139,2026-10-05 08:29:42.63735+00,2026-10-05 21:02:00.074694+00
PINNACLE_EXPLORATION_PAPER,event:pinnapi:1637469427,2,-19.4700,-2.3897,2026-10-05 15:11:10.128096+00,2026-10-05 22:55:38.772556+00
PINNACLE_EXPLORATION_PAPER,event:pinnapi:1637469430,2,-971.5804,-68.6483,2026-10-05 08:28:50.60721+00,2026-10-06 06:18:19.579888+00
PINNACLE_EXPLORATION_PAPER,event:pinnapi:1637469468,2,-3.6400,-3.3500,2026-10-05 12:22:31.252629+00,2026-10-06 06:45:17.56725+00
PINNACLE_EXPLORATION_PAPER,event:pinnapi:1637469519,2,-171.1700,-10.5736,2026-10-05 08:33:01.577385+00,2026-10-06 13:21:53.219419+00
PINNACLE_EXPLORATION_PAPER,event:pinnapi:1637469534,2,-964.5400,-53.5382,2026-10-05 11:14:01.798551+00,2026-10-06 03:36:08.549844+00
PINNACLE_EXPLORATION_PAPER,event:pinnapi:1637469540,3,-1957.9000,-194.2742,2026-10-05 11:18:32.468802+00,2026-10-07 00:27:09.569654+00
PINNACLE_EXPLORATION_PAPER,event:pinnapi:1637469541,2,-89.9300,-85.0983,2026-10-05 10:41:04.1352+00,2026-10-06 20:12:57.935642+00
PINNACLE_EXPLORATION_PAPER,event:pinnapi:1637469545,2,-117.1900,-65.5423,2026-10-05 09:36:18.327495+00,2026-10-08 01:31:10.209907+00
PINNACLE_EXPLORATION_PAPER,event:pinnapi:1637469583,3,1904.4500,-106.3550,2026-10-05 08:51:24.389788+00,2026-10-05 20:57:59.953272+00
PINNACLE_EXPLORATION_PAPER,event:pinnapi:1637469596,3,89.8084,-25.1695,2026-10-05 15:27:14.839332+00,2026-10-06 02:32:07.79791+00
PINNACLE_EXPLORATION_PAPER,event:pinnapi:1637469602,5,-42.3100,-16.7715,2026-10-05 10:19:30.090611+00,2026-10-06 08:04:25.099951+00
PINNACLE_EXPLORATION_PAPER,event:pinnapi:1637470947,2,130.2300,-48.1586,2026-10-05 09:17:15.340685+00,2026-10-07 00:25:10.131886+00
PINNACLE_EXPLORATION_PAPER,event:pinnapi:1637470950,3,10.4500,-16.0785,2026-10-05 11:08:35.79004+00,2026-10-06 01:58:09.217153+00
PINNACLE_EXPLORATION_PAPER,event:pinnapi:1637470973,2,-600.8556,-48.5998,2026-10-05 11:29:06.723021+00,2026-10-06 05:33:14.62199+00
PINNACLE_EXPLORATION_PAPER,event:pinnapi:1637472007,2,59.0733,-94.6727,2026-10-05 10:35:15.713879+00,2026-10-06 11:23:25.629167+00
PINNACLE_EXPLORATION_PAPER,event:pinnapi:1637472457,3,-85.1676,-34.2461,2026-10-05 10:14:24.211105+00,2026-10-06 12:10:47.857416+00
PINNACLE_EXPLORATION_PAPER,event:pinnapi:1637472458,2,-30.5500,-5.3391,2026-10-05 10:16:28.26896+00,2026-10-06 23:10:31.915206+00
PINNACLE_EXPLORATION_PAPER,event:pinnapi:1637472485,7,-676.8602,-123.4026,2026-10-05 08:27:23.622185+00,2026-10-05 12:20:29.772656+00
PINNACLE_EXPLORATION_PAPER,event:pinnapi:1637472486,2,35.9956,55.5855,2026-10-05 12:50:36.042492+00,2026-10-06 10:17:21.131773+00
PINNACLE_EXPLORATION_PAPER,event:pinnapi:1637475721,2,16.8114,-78.3647,2026-10-05 08:18:43.717147+00,2026-10-05 13:21:21.919399+00
PINNACLE_EXPLORATION_PAPER,event:pinnapi:1637488962,2,-142.3300,-96.7460,2026-10-05 12:47:39.717003+00,2026-10-06 19:20:01.959873+00
PINNACLE_EXPLORATION_PAPER,event:pinnapi:1637491057,2,10.7400,-3.5463,2026-10-05 10:39:46.820803+00,2026-10-07 00:29:18.787804+00
PINNACLE_EXPLORATION_PAPER,event:pinnapi:1637497500,5,-916.0887,-103.7110,2026-10-05 08:27:56.077756+00,2026-10-05 18:47:53.878755+00
PINNACLE_EXPLORATION_PAPER,event:pinnapi:1637497645,1,2.7200,-0.5939,2026-10-05 20:58:27.180267+00,2026-10-06 23:38:27.213862+00
PINNACLE_EXPLORATION_PAPER,event:pinnapi:1637499530,2,-30.6900,-2.5402,2026-10-05 08:53:26.085853+00,2026-10-07 00:33:07.572213+00
PINNACLE_EXPLORATION_PAPER,event:pinnapi:1637502726,4,-26.7700,-45.9094,2026-10-05 08:40:48.562411+00,2026-10-06 08:30:21.097089+00
PINNACLE_EXPLORATION_PAPER,event:pinnapi:1637543299,2,-965.7400,-156.3206,2026-10-05 14:15:01.309586+00,2026-10-06 21:07:18.532863+00
PINNACLE_EXPLORATION_PAPER,event:pinnapi:1637546272,5,-28.3559,-40.6115,2026-10-05 11:35:02.076656+00,2026-10-05 22:51:37.609776+00
PINNACLE_EXPLORATION_PAPER,event:pinnapi:1637578973,2,-89.4800,-100.3506,2026-10-05 10:46:54.96583+00,2026-10-06 20:12:57.935642+00
PINNACLE_EXPLORATION_PAPER,event:pinnapi:1637582380,2,-98.1400,-90.1553,2026-10-05 13:01:26.171468+00,2026-10-06 22:24:29.563864+00
PINNACLE_EXPLORATION_PAPER,event:pinnapi:1637593174,1,-86.9000,-46.9550,2026-10-05 10:08:10.471435+00,2026-10-08 08:48:34.531202+00
PINNACLE_EXPLORATION_PAPER,event:pinnapi:1637593186,4,-34.4000,-5.6511,2026-10-05 08:24:09.230821+00,2026-10-05 17:01:12.095018+00
PINNACLE_EXPLORATION_PAPER,event:pinnapi:1637608657,1,4.6300,-154.7159,2026-10-05 16:02:31.724126+00,2026-10-05 23:57:50.413079+00
PINNACLE_EXPLORATION_PAPER,event:pinnapi:1637608658,3,22.3500,-36.3120,2026-10-05 16:18:03.888923+00,2026-10-05 23:42:49.738188+00
PINNACLE_EXPLORATION_PAPER,event:pinnapi:1637608740,2,-28.1100,-32.4477,2026-10-05 21:40:27.444997+00,2026-10-06 13:20:49.378726+00
PINNACLE_EXPLORATION_PAPER,event:pinnapi:1637608743,1,29.2600,-10.7378,2026-10-05 16:19:06.134392+00,2026-10-06 03:23:10.142692+00
PINNACLE_EXPLORATION_PAPER,event:pinnapi:1637639570,2,-52.1700,-26.4954,2026-10-05 12:27:52.723577+00,2026-10-07 14:24:05.593705+00
PINNACLE_EXPLORATION_PAPER,event:pinnapi:1637650780,2,-65.1000,-16.4160,2026-10-05 13:51:31.622544+00,2026-10-07 14:20:02.16298+00
PINNACLE_EXPLORATION_PAPER,event:pinnapi:1637733038,2,-90.1400,-61.0479,2026-10-05 13:02:25.864419+00,2026-10-07 00:26:11.068051+00
PINNACLE_EXPLORATION_PAPER,event:pinnapi:1637741562,2,-372.7058,-21.2831,2026-10-05 08:28:22.782333+00,2026-10-05 11:07:27.210484+00
